1730526074.9560063,207.96456909179688,1775.11767578125,0.06451141096044584,-1.5271100985893455,211.5859587424784,208.12195873633027,204.5719587309868
1730526075.0759842,207.96435546875,1775.12646484375,0.0645026713648799,-1.5271100985893455,211.5859587424784,208.12195873633027,204.5719587309868
1730526075.1959965,207.96421813964844,1775.133056640625,0.06449960918934793,-1.5271106312215637,211.5859587424784,208.12195873633027,204.5719587309868
1730526075.316002,207.9640350341797,1775.1409912109375,0.06449720271122084,-1.5271116964859999,211.5859587424784,208.12195873633027,204.5719587309868
1730526075.4359922,207.96380615234375,1775.151123046875,0.06449434917184162,-1.5271127617504359,211.5859587424784,208.12195873633027,204.5719587309868
1730526075.556,207.96368408203125,1775.1571044921875,0.06449294843374669,-1.527113294382654,211.5859587424784,208.12195873633027,204.5719587309868
1730526075.6759844,207.96365356445312,1775.15771484375,0.03621044009926367,-1.5271159575437439,211.5859587424784,208.12195873633027,204.5719587309868
1730526075.7959826,207.9637908935547,1775.151123046875,0.09238347411178627,-1.5271180880726158,211.5859587424784,208.12195873633027,204.5719587309868
1730526075.8960028,207.96420288085938,1775.1304931640625,0.19097048047357887,-1.527121283865924,211.5859587424784,208.12195873633027,204.5719587309868
1730526076.0159812,207.9646759033203,1775.106689453125,0.26182025672027703,-1.5271239470270142,211.5859587424784,208.12195873633027,204.5719587309868
1730526076.1359785,207.96554565429688,1775.0640869140625,0.34753310680723604,-1.5271260775558861,211.5859587424784,208.12195873633027,204.5719587309868
1730526076.2559943,207.9663543701172,1775.02392578125,0.41974794869580706,-1.5271276754525405,211.5859587424784,208.12195873633027,204.5719587309868
1730526076.3759942,207.9678497314453,1774.949462890625,0.5372566011622797,-1.5271298059814125,211.5859587424784,208.12195873633027,204.5719587309868
1730526076.4959803,207.96925354003906,1774.8798828125,0.6273573480605744,-1.5271324691425023,211.5859587424784,208.12195873633027,204.5719587309868
1730526076.5959954,207.9705810546875,1774.812255859375,0.7039895679700875,-1.5271351323035924,211.5859587424784,208.12195873633027,204.5719587309868
1730526076.7159789,207.9722900390625,1774.72412109375,0.7980849523246225,-1.5271388607291185,211.5859587424784,208.12195873633027,204.5719587309868
1730526076.835982,207.9741973876953,1774.6241455078125,0.8784863287954139,-1.5271431217868625,211.5859587424784,208.12195873633027,204.5719587309868
1730526076.9559932,207.9760284423828,1774.5294189453125,0.9608922541059004,-1.5271479154768248,211.5859587424784,208.12195873633027,204.5719587309868
1730526077.0759885,207.978759765625,1774.38427734375,1.080066867815075,-1.527155372327877,211.5859587424784,208.12195873633027,204.5719587309868
1730526077.1959836,207.9814453125,1774.2440185546875,1.1862032059269714,-1.5271622965467113,211.5859587424784,208.12195873633027,204.5719587309868
1730526077.3159952,207.98422241210938,1774.09814453125,1.296498676617548,-1.5271686881333275,211.5859587424784,208.12195873633027,204.5719587309868
1730526077.4359832,207.98777770996094,1773.9124755859375,1.4310939127605693,-1.5271734818232896,211.5859587424784,208.12195873633027,204.5719587309868
1730526077.5359912,207.99063110351562,1773.762939453125,1.5316297299186057,-1.5271777428810338,211.5859587424784,208.12195873633027,204.5719587309868
1730526077.6559844,207.9932098388672,1773.629638671875,1.6148225676603873,-1.5271830692032138,211.5859587424784,208.12195873633027,204.5719587309868
1730526077.7759852,207.99758911132812,1773.401123046875,1.767019570439556,-1.5271931892153563,211.5859587424784,208.12195873633027,204.5719587309868
1730526077.8959808,208.00238037109375,1773.15283203125,1.9048787668592388,-1.5272017113308445,211.5859587424784,208.12195873633027,204.5719587309868
1730526077.9959936,208.0062255859375,1772.9525146484375,2.0254377051948387,-1.5272075702852426,211.5859587424784,208.12195873633027,204.5719587309868
1730526078.1159804,208.010986328125,1772.706787109375,2.1774745460466165,-1.527217690297385,211.5859587424784,208.12195873633027,204.5719587309868
1730526078.2159805,208.0155029296875,1772.476318359375,2.3108725388288205,-1.5272283429417453,211.5859587424784,208.12195873633027,204.5719587309868
1730526078.3359869,208.0218505859375,1772.15087890625,2.509014522454229,-1.5272437892760677,211.5859587424784,208.12195873633027,204.5719587309868
1730526078.436003,208.027099609375,1771.8824462890625,2.6593379069325827,-1.52725390928821,211.5859587424784,208.12195873633027,204.5719587309868
1730526078.5559857,208.03237915039062,1771.6123046875,2.817419897540223,-1.5272629640359163,211.5859587424784,208.12195873633027,204.5719587309868
1730526078.655989,208.03811645507812,1771.31884765625,2.983763587189832,-1.5272736166802765,211.5859587424784,208.12195873633027,204.5719587309868
1730526078.7560208,208.04415893554688,1771.009765625,3.1588057439633435,-1.5272789430024567,211.5859587424784,208.12195873633027,204.5719587309868
1730526078.8759809,208.0528106689453,1770.5693359375,3.419473546881936,-1.5272805408991108,211.5859587424784,208.12195873633027,204.5719587309868
1730526078.9959803,208.06094360351562,1770.1533203125,3.617440816288763,-1.527284801956855,211.5859587424784,208.12195873633027,204.5719587309868
1730526079.1159892,208.06954956054688,1769.71484375,3.868314812325133,-1.527287997750163,211.5859587424784,208.12195873633027,204.5719587309868
1730526079.2359927,208.08033752441406,1769.1678466796875,4.17977355503372,-1.5272917261756893,211.5859587424784,208.12195873633027,204.5719587309868
1730526079.3559866,208.08892822265625,1768.73291015625,4.412170144782944,-1.5272911935434712,211.5859587424784,208.12195873633027,204.5719587309868
1730526079.4759843,208.10101318359375,1768.120361328125,4.7475993309468505,-1.5272991830267415,211.5859587424784,208.12195873633027,204.5719587309868
1730526079.5959818,208.11244201660156,1767.5439453125,4.993904289391206,-1.527316759889936,211.59109975211788,208.12400957789532,204.57358315344527
1730526079.715992,208.12271118164062,1767.0250244140625,5.245898885318041,-1.5273359346497843,211.5960551592807,208.12606041946037,204.57520757590373
1730526079.8359947,208.13906860351562,1766.197021484375,5.666588523915334,-1.5273572399385051,211.59962074156977,208.12740094335447,204.5768319983622
1730526079.9559848,208.15057373046875,1765.61279296875,5.945488177835712,-1.5273678925828653,211.60551896757818,208.13008199114267,204.58016317227248
1730526080.0759833,208.16680908203125,1764.791015625,6.335651106669261,-1.5273748168016996,211.60759993461363,208.13160051122418,204.58182875922762
1730526080.195987,208.17965698242188,1764.137939453125,6.609889668866438,-1.5273753494339177,211.61176186868454,208.1346375513872,204.5890906545667
1730526080.3159847,208.197509765625,1763.235107421875,6.93088210710806,-1.5273678925828653,211.61384283572,208.1361076483696,204.59272160223622
1730526080.4159923,208.21160888671875,1762.522705078125,7.1895462145527365,-1.5273625662606851,211.62012534899202,208.13904784233443,204.60056526738458
1730526080.5359924,208.232666015625,1761.52685546875,7.5331328529540995,-1.5259116760988103,211.62660361948747,208.1419744383801,204.60820823213112
1730526080.655988,208.25723266601562,1760.759521484375,7.751030922888012,-1.5126954728731827,211.6299406333469,208.14343093744333,204.61192936430348
1730526080.7759867,208.30482482910156,1759.7047119140625,8.062304787282,-1.4814603217120796,211.63552203529525,208.1463439355698,204.61954469660452
1730526080.8959837,208.3635711669922,1758.7454833984375,8.27433786602993,-1.465112773676737,211.6411034372436,208.14977295719518,204.62303049661193
1730526081.015984,208.43125915527344,1757.901611328125,8.473843554977808,-1.455972804815585,211.64348832879273,208.15290593022462,204.62641565633282
1730526081.1359813,208.56787109375,1756.6116943359375,8.756995246832291,-1.4214039086019206,211.64952243895948,208.15716131687486,204.6313618683604
1730526081.2359831,208.67922973632812,1755.73291015625,8.93838699838961,-1.3959499475351613,211.65276291762916,208.1585797790916,204.63302356095357
1730526081.3359854,208.80908203125,1754.840087890625,9.11251958076665,-1.3816855241044788,211.65924387496852,208.16157166867504,204.63748969657559
1730526081.436007,208.9583740234375,1753.9224853515625,9.279428929314037,-1.3743080352527415,211.662625598594,208.16456355825846,204.64309858263323
1730526081.5559824,209.12203979492188,1752.975830078125,9.44026657924519,-1.3705748160366684,211.6654343784977,208.16759951824645,204.64887238113658
1730526081.6759825,209.3415985107422,1751.74462890625,9.656531965523545,-1.3684256450369743,211.66830416481787,208.17068559093718,204.65481109208565
1730526081.7959797,209.54188537597656,1750.6209716796875,9.801961916494912,-1.370967365981346,211.67286765888775,208.1753898690274,204.66470380572434
1730526081.9159915,209.73155212402344,1749.490234375,9.964607951492143,-1.3907088465098854,211.67612628830227,208.17832197407563,204.66836318048615
1730526082.035986,209.94204711914062,1748.14990234375,10.162685794533058,-1.4090670811682375,211.68363391353762,208.1824735490594,204.67501268989474
1730526082.1359932,210.0379180908203,1747.4847412109375,10.246074492264722,-1.4135353328451725,211.68761989549125,208.18389709934024,204.6782579399984
1730526082.2559857,210.22476196289062,1746.10595703125,10.424838108948764,-1.4182145068804417,211.6978646659412,208.18752434339888,204.688666607747
1730526082.3559916,210.3599853515625,1745.067138671875,10.522863166780612,-1.4197218560574265,211.70141109657845,208.18939073665808,204.69426146925935
1730526082.4759843,210.53956604003906,1743.6634521484375,10.626035700499129,-1.4206102865970769,211.70375391999812,208.19124082839653,204.69828777463908
1730526082.595981,210.6964111328125,1742.4298095703125,10.687605867826788,-1.4209027016847677,211.71312047348624,208.19400004728607,204.70311126704132
1730526082.6959853,210.82928466796875,1741.3587646484375,10.744089191779134,-1.4247142178368892,211.71940631539485,208.19585090462976,204.70615234144418
1730526082.8159866,210.9666748046875,1740.12451171875,10.797403146066467,-1.448813695173234,211.72791811148943,208.1986271906453,204.71255869129982
1730526082.9159968,211.07205200195312,1739.044189453125,10.857126496861177,-1.4731390085700178,211.73359264221915,208.2007534835334,204.7188277728244
1730526083.035992,211.18548583984375,1737.5872802734375,10.939874881753678,-1.4893251690433014,211.74509139940858,208.20390701605936,204.7278849306099
1730526083.1359923,211.25296020507812,1736.48779296875,10.998418165515314,-1.494696764961991,211.7504650940806,208.20596149533515,204.73389405129547
1730526083.255981,211.3123779296875,1735.38525390625,11.054680780651205,-1.4973753723863932,211.7558387887526,208.20790638177095,204.7398968414791
1730526083.3559823,211.35899353027344,1734.455810546875,11.095889887059839,-1.4985636748647864,211.76108768876384,208.20974167536679,204.7440603546254
1730526083.4759824,211.43841552734375,1732.7991943359375,11.165092610412344,-1.4995362612948833,211.768997856071,208.21243784228864,204.75023726393783
1730526083.5959795,211.49459838867188,1731.49560546875,11.193451868275439,-1.5061877724334651,211.77734178840478,208.21535305678526,204.75599441160966
1730526083.6959827,211.5264129638672,1730.36767578125,11.196774341949167,-1.531920832782465,211.7829823647685,208.21737901121992,204.75945512228873
1730526083.8159852,211.52816772460938,1729.0750732421875,11.204032493534083,-1.581532328097333,211.79001638384386,208.22909396805744,204.7681181384611
1730526083.9159853,211.49551391601562,1727.9503173828125,11.228650582978512,-1.618402195492826,211.79467898051394,208.23785848453394,204.77342305285936
1730526084.0359826,211.3948974609375,1726.447021484375,11.247750159372472,-1.6485401242848168,211.80253734411838,208.2510049475958,204.7802382319727
1730526084.1359923,211.27288818359375,1725.32275390625,11.238711517860137,-1.6806738259977128,211.8086469110084,208.2598218389346,204.78431258754233
1730526084.2559829,211.1192626953125,1724.215576171875,11.247557369478438,-1.7183719364922205,211.81511998177393,208.26869131290437,204.79016309185852
1730526084.3759823,210.86839294433594,1722.7384033203125,11.268285737734931,-1.7482856271204263,211.82319150362287,208.28200927861565,204.79954401288262
1730526084.4759862,210.633544921875,1721.560791015625,11.283484694658911,-1.7590756905929914,211.8307042873995,208.2955858425055,204.80889380287476
1730526084.595984,210.39779663085938,1720.4573974609375,11.297625795333609,-1.7640403554971174,211.83687804890303,208.30472308449157,204.81483494757038
1730526084.6959865,210.1547393798828,1719.3531494140625,11.309445377118934,-1.7664585057669093,211.84305181040656,208.31377248279432,204.81918456084588
1730526084.815986,209.827880859375,1717.88671875,11.322503424655329,-1.7678268379349917,211.85252439730743,208.32740128055445,204.82660901997804
1730526084.9359794,209.53802490234375,1716.5906982421875,11.330139673479183,-1.7682662595148548,211.86137625157141,208.3411394789266,204.83585271062543
1730526085.0560334,209.20704650878906,1715.111083984375,11.339440369958997,-1.7684260491802597,211.8695325788358,208.35469129330693,204.84449527556092
1730526085.1759868,208.91851806640625,1713.822509765625,11.345874565282953,-1.768467061861047,211.8751290162827,208.36366370822986,204.8496978165034
1730526085.2960472,208.6708984375,1712.718994140625,11.350322910184778,-1.7684947587363837,211.8799751916049,208.3726361231528,204.85465617584532
1730526085.4159777,208.33953857421875,1711.24609375,11.355599552549025,-1.7685453587970952,211.8881083750556,208.38097776718018,204.86170405003452
1730526085.5359766,208.04672241210938,1709.948974609375,11.358831224484957,-1.7686002199155508,211.89342832738726,208.3882601354734,204.86930359334565
1730526085.6359801,207.79615783691406,1708.8399658203125,11.361682266484276,-1.7686465589185183,211.8925328669792,208.39295465527618,204.87516789417646
1730526085.7559838,207.46273803710938,1707.364013671875,11.36510188749353,-1.7686891694959594,211.8994096927887,208.4002713327949,204.88244381333186
1730526085.855995,207.25509643554688,1706.443359375,11.366671169096582,-1.7686987568758838,211.905450660773,208.4052407504122,204.88629275621736
1730526085.9560003,206.96597290039062,1705.1412353515625,11.364206006447908,-1.7641122608465492,211.91159794576538,208.41266751129172,204.89379380208175
1730526086.0759835,206.6989288330078,1703.84130859375,11.338284392656218,-1.734888861572892,211.91513202556428,208.4176092031189,204.90085307458617
1730526086.17599,206.4976806640625,1702.7294921875,11.33393526576122,-1.6964210975233516,211.91849806184473,208.4225505347024,204.90810541297583
1730526086.2959836,206.3218536376953,1701.60791015625,11.338908495637465,-1.6685489861868001,211.92689701835513,208.43016044541844,204.91906130729376
1730526086.3960438,206.17518615722656,1700.484130859375,11.342399149211628,-1.653890414914786,211.93341492338652,208.43523371922913,204.92659235987207
1730526086.5159822,206.01023864746094,1698.9798583984375,11.348257301669394,-1.644886799901446,211.94408327721976,208.44256942722598,204.93271047113717
1730526086.6359782,205.8980712890625,1697.849365234375,11.35222222882782,-1.6419844869454778,211.95165450701506,208.44740613914462,204.93721549624183
1730526086.755988,205.73956298828125,1696.153076171875,11.354718304668866,-1.6377218313046966,211.96192611790696,208.4545805669037,204.94360973477922
1730526086.8759906,205.626953125,1694.835693359375,11.3553950430548,-1.6250451845159195,211.97150561791466,208.46173915325528,204.95077120698772
1730526086.9760065,205.53590393066406,1693.69677734375,11.358395455516307,-1.6191979480265417,211.97789195125313,208.46668373188152,204.9558723467195
1730526087.0959857,205.4527587890625,1692.56689453125,11.360935024455914,-1.616215740237871,211.98747145126083,208.4776772317806,204.96419043236472
1730526087.2159803,205.3568572998047,1691.0643310546875,11.358658532913138,-1.6024919385084746,211.9973812686477,208.4886707316797,204.9723804564096
1730526087.335983,205.28094482421875,1689.732421875,11.361036491223848,-1.5943325455606898,212.00669421019688,208.49584128155436,204.97713814247913
1730526087.4559913,205.2169952392578,1688.41845703125,11.3633733054681,-1.5908603161314443,212.01700460956113,208.50715323750228,204.9841242506534
1730526087.555996,205.15817260742188,1687.085693359375,11.365380452278602,-1.5893401837812273,212.02606962386574,208.5189559575133,204.9884402904272
1730526087.6759882,205.10614013671875,1685.76220703125,11.36265179771273,-1.5845337106458521,212.03242058542742,208.52682443752065,204.99172470848862
1730526087.7959874,205.0777587890625,1684.627197265625,11.341694540384507,-1.5616763316419202,212.03955058346833,208.5345243524846,204.99508123123064
1730526087.9159787,205.07785034179688,1683.12109375,11.334278275898674,-1.511363359695925,212.05305049889023,208.54988672361446,204.99778826378395
1730526088.015984,205.1094512939453,1681.9853515625,11.338532997150729,-1.485512054994526,212.05937804115968,208.55741116958256,204.99977370146792
1730526088.1359775,205.19032287597656,1680.6571044921875,11.333735412008394,-1.4616341526608756,212.0658549141533,208.56479760535285,205.00114431954955
1730526088.255991,205.31417846679688,1679.3526611328125,11.324099196311575,-1.424641247223021,212.0755774006193,208.57647119997512,205.00482349551874
1730526088.3760126,205.49929809570312,1677.8370361328125,11.331626513505801,-1.3959781770427162,212.08664018674483,208.58821330046283,205.0113370552259
1730526088.4959874,205.66278076171875,1676.7265625,11.336630487201054,-1.386404112923881,212.0945429213374,208.59508645842493,205.0171905417336
1730526088.6159801,205.90341186523438,1675.2364501953125,11.343795766016168,-1.3805717901366077,212.10466784858443,208.6044207610595,205.02617270889266
1730526088.735979,206.1236114501953,1673.928955078125,11.348277243033548,-1.3785051771307062,212.11479277583146,208.6137666364766,205.0348489177161
1730526088.856009,206.3787078857422,1672.43505859375,11.353420390972467,-1.377555493885984,212.12492046704915,208.62313590118947,205.04363102356183
1730526088.9759884,206.60169982910156,1671.132568359375,11.357013939366734,-1.3772502956250607,212.13448560089546,208.63250565336352,205.05239833406813
1730526089.0759943,206.7931671142578,1670.013916015625,11.359635964512641,-1.37715655235469,212.14046486802567,208.63831640843296,205.05858101611966
1730526089.195981,206.9852294921875,1668.890625,11.362033863824943,-1.3771320512726613,212.14655050019712,208.64483959403037,205.06416385321427
1730526089.2959867,207.17266845703125,1667.769287109375,11.359821059316076,-1.382230939495727,212.15225470317148,208.6511107413114,205.07023520462235
1730526089.4159822,207.4040985107422,1666.274169921875,11.353678282397826,-1.4097493830395158,212.15908212934164,208.6601394047584,205.0785101791663
1730526089.5359857,207.58920288085938,1664.962646484375,11.35674309837388,-1.4256074420665015,212.16539517627473,208.66920318740495,205.08677765170728
1730526089.635987,207.72853088378906,1663.832275390625,11.356775259923943,-1.4358707322754491,212.16960156355697,208.67525741556915,205.09254442916244
1730526089.7559958,207.86282348632812,1662.528076171875,11.347443749920668,-1.4622482776082477,212.17698739036553,208.68520257526507,205.10138927873015
1730526089.8560328,207.97808837890625,1661.19580078125,11.35170421918471,-1.4832142796060057,212.18378487627274,208.6873683475062,205.10736875317286
1730526089.9560752,208.05575561523438,1660.063232421875,11.354659034584973,-1.491659696054865,212.19291700077815,208.6850468050062,205.1161153231958
1730526090.0759933,208.13092041015625,1658.74267578125,11.358393842711225,-1.4962946616160389,212.19653000466735,208.68262051716,205.12161348715108
1730526090.1959853,208.18882751464844,1657.608154296875,11.361309514769282,-1.4981189269627433,212.20288289563655,208.67936508846628,205.12933662562648
1730526090.2959876,208.24404907226562,1656.472412109375,11.363913553741602,-1.4990121511923558,212.2083551527952,208.6773228036957,205.13464216533305
1730526090.415978,208.31591796875,1654.9656982421875,11.366763328940984,-1.499528271811613,212.21720513970115,208.67447184225352,205.14171834603872
1730526090.5359783,208.37925720214844,1653.636962890625,11.368371993370276,-1.4996923225347618,212.2266208982959,208.67124153304542,205.14715435539767
1730526090.6559854,208.45208740234375,1652.318115234375,11.35884620580227,-1.4878961168023648,212.23268789005044,208.6690360648397,205.15103268797145
1730526090.7759824,208.5612335205078,1650.8006591796875,11.351481782790044,-1.4527535756898973,212.24097815007576,208.66589275974206,205.1569842769352
1730526090.8760047,208.6442413330078,1649.857421875,11.353886702289133,-1.4384880869947787,212.2462349142238,208.66366069121295,205.1612267493599
1730526090.9959853,208.78359985351562,1648.537841796875,11.356992735624443,-1.4280820513514034,212.2562149895806,208.66010779072326,205.16911391306792
1730526091.1159952,208.974853515625,1647.0401611328125,11.345908274493729,-1.405660365501808,212.26581560678278,208.6613592337212,205.17386924140885
1730526091.2359776,209.1659393310547,1645.7252197265625,11.349383211517655,-1.381451165928552,212.27159926906847,208.66713329893355,205.17957261171557
1730526091.3559926,209.3866729736328,1644.431396484375,11.329756351969797,-1.3586401259275873,212.28027476249702,208.67982735510964,205.18812766717565
1730526091.4759917,209.68740844726562,1642.94287109375,11.32926583729923,-1.3132460125149685,212.28820800617825,208.69208110049203,205.19681371657737
1730526091.5959854,209.94070434570312,1641.8380126953125,11.331074348987308,-1.299610627733763,212.29300113491286,208.70021971386404,205.20277907476736
1730526091.695993,210.2018585205078,1640.73779296875,11.325757647147624,-1.3086366133002594,212.29732805454023,208.7083277770198,205.20642971739687
1730526091.815981,210.51266479492188,1639.45068359375,11.33401581823677,-1.322098359978392,212.30338991671522,208.72057536050283,205.21077609530255
1730526091.9359794,210.84243774414062,1637.976806640625,11.329286796175234,-1.3427815342683833,212.3083757717102,208.73275208907285,205.2173990867458
1730526092.055984,211.09329223632812,1636.6923828125,11.314700884653458,-1.381862890633078,212.31193582348442,208.74071844240257,205.22646183952895
1730526092.15603,211.3160400390625,1635.37255859375,11.320667580913852,-1.4135118970275797,212.31801071472478,208.75316734943885,205.239482319123
1730526092.2759905,211.49798583984375,1634.07421875,11.32631803773212,-1.4282354494301919,212.32542830118587,208.765467554211,205.24931336320242
1730526092.395991,211.63604736328125,1632.9412841796875,11.332615843469057,-1.434449136885565,212.3303733588266,208.77353489379743,205.2558673925887
1730526092.5159855,211.79287719726562,1631.44677734375,11.328222070786829,-1.4524531711189363,212.33853904235207,208.78552752755343,205.265898746767
1730526092.635986,211.89370727539062,1630.319091796875,11.33426028967281,-1.4753803249434285,212.34312111440204,208.79374986810615,205.2726742047006
1730526092.7560081,211.9930877685547,1628.9957275390625,11.340262467146092,-1.4899504792672522,212.34806546838126,208.80603209293872,205.2855921576505
1730526092.8560123,212.0694580078125,1627.6783447265625,11.34381913595587,-1.4998510469357307,212.35396281939143,208.8145332651378,205.2930650648242
1730526092.9759817,212.11920166015625,1626.287109375,11.324640840193627,-1.5310563706926252,212.36480050314003,208.8246159334136,205.30153000543885
1730526093.075986,212.12298583984375,1625.169189453125,11.285502493139802,-1.577631862364803,212.37210848876384,208.83485980085914,205.30926377698074
1730526093.1759863,212.0769805908203,1624.043212890625,11.241662134430861,-1.6400201393254352,212.38307046719956,208.8417427788794,205.31396401663278
1730526093.2959826,211.92059326171875,1622.5439453125,11.221229156637156,-1.729552419380591,212.39000590493185,208.8521179826024,205.32098641930872
1730526093.395993,211.7716522216797,1621.6182861328125,11.220262966592452,-1.771563785576591,212.39491514877852,208.85910133288655,205.32565467827294
1730526093.4959943,211.50234985351562,1620.340576171875,11.224376936699926,-1.8062740956441388,212.39934065606565,208.8660846831707,205.33031891335145
1730526093.615981,211.17578125,1619.071044921875,11.244918960542222,-1.8238019566746042,212.41028877133465,208.87670016109382,205.33804593112336
1730526093.7159863,210.8701629638672,1617.985107421875,11.264874514623822,-1.8311083391252367,212.41936553287837,208.88372811806983,205.34179390852762
1730526093.835988,210.55296325683594,1616.898193359375,11.282124979156881,-1.8347262434661096,212.42791056795,208.89066022924078,205.34284594172198
1730526093.9559796,210.12782287597656,1615.4638671875,11.298287553142863,-1.8367824701437596,212.43715426324502,208.9010546585131,205.3448177822852
1730526094.0559838,209.8055877685547,1614.380615234375,11.30919578459632,-1.8373739582218662,212.44331672677504,208.9079792947158,205.34820180669362
1730526094.1759813,209.42808532714844,1613.111083984375,11.320884187592243,-1.8376248279965517,212.45256042207006,208.91838342383278,205.35327784330627
1730526094.2959957,208.99826049804688,1611.66455078125,11.332695514927924,-1.8376823522760974,212.4595095043145,208.9253424096613,205.3566618677147
1730526094.4159818,208.6201171875,1610.393798828125,11.34081397665903,-1.8376948691332207,212.46108274174333,208.93511265253278,205.36173790432736
1730526094.5359843,208.2958984375,1609.3072509765625,11.346305983191115,-1.8377257618018656,212.4640130358673,208.9423939805281,205.36315672609862
1730526094.6359851,207.97019958496094,1608.21923828125,11.351234721148364,-1.837780622920321,212.46841454256105,208.95044314127108,205.36394365855097
1730526094.7559783,207.53524780273438,1606.7703857421875,11.357542304537606,-1.8378756977712372,212.47644284788396,208.9631586702136,205.37898269357197
1730526094.8559804,207.212158203125,1605.678955078125,11.354054178709816,-1.8322348562663402,212.48138290839108,208.97160764564876,205.39399147793597
1730526094.9559894,206.90255737304688,1604.58935546875,11.34976199223119,-1.8116254515385442,212.4887055331592,208.9842390430117,205.4149519065818
1730526095.0759835,206.55917358398438,1603.3104248046875,11.349374509726694,-1.7881206580736138,212.4947835640528,208.99368998488603,205.4286473678318
1730526095.1759875,206.2941436767578,1602.192138671875,11.335228975704124,-1.7565238496364777,212.50058884716293,209.00185869464258,205.43371723776647
1730526095.2959847,205.9873504638672,1600.726806640625,11.34055942461083,-1.7213237842444642,212.5100063503071,209.0141117592774,205.4413220426685
1730526095.3959868,205.78384399414062,1599.6090087890625,11.345219296892534,-1.7085187730911453,212.5159133143361,209.02251375248568,205.44915654844056
1730526095.515988,205.57778930664062,1598.30419921875,11.340127172167643,-1.6909525625409827,212.5242341350728,209.0351580792177,205.46254008299013
1730526095.6359913,205.4224395751953,1597.179931640625,11.342629852245079,-1.6664541436733435,212.53050163821,209.04364274626516,205.46810886887044
1730526095.7559855,205.2428436279297,1595.6763916015625,11.345455545234966,-1.6448963872813702,212.54019544559833,209.05594532821203,205.47453547180248
1730526095.875981,205.12451171875,1594.3597412109375,11.34040741318524,-1.6153566044702112,212.55064666205124,209.06628591219715,205.4832075450779
1730526095.9759817,205.0430145263672,1593.237060546875,11.345992344004022,-1.5960257833817622,212.5576141396865,209.07060327973818,205.48898892726152
1730526096.0759833,204.98509216308594,1592.0955810546875,11.34514179365562,-1.5806359080744123,212.56458161732178,209.0746773436963,205.49477030944513
1730526096.1959844,204.95233154296875,1590.581298828125,11.332645995897519,-1.5418890447426314,212.572201753135,209.0805830667008,205.50344238272055
1730526096.3159885,204.9562225341797,1589.259521484375,11.338471995111071,-1.516227357110846,212.57843364601888,209.08607804383996,205.51069117006296
1730526096.4359899,204.98545837402344,1588.125244140625,11.342870830276748,-1.5053616598633226,212.5857682853515,209.0899117880689,205.51478160137253
1730526096.5559795,205.06134033203125,1586.623046875,11.332392236575098,-1.480968702174851,212.59829133268886,209.0959180436165,205.5188415149147
1730526096.6559799,205.14404296875,1585.492431640625,11.332356478471699,-1.451432115157,212.6038796857904,209.09976039130197,205.52086134101103
1730526096.7759867,205.2760467529297,1584.1822509765625,11.329741748773833,-1.4178336748445604,212.61226221544268,209.10525997498098,205.52576661514115
1730526096.8959863,205.4915771484375,1582.676513671875,11.319820225050018,-1.3640063955240969,212.61985827924536,209.11071715100047,205.53079018111464
1730526097.0159771,205.72462463378906,1581.375,11.32717873120052,-1.331977089725932,212.62822953001296,209.11675244327546,205.53675682832977
1730526097.1159842,205.91595458984375,1580.453125,11.330901314154596,-1.3200684985955335,212.6313752571764,209.12077597145878,205.54073459313986
1730526097.2359831,206.2095489501953,1579.1602783203125,11.337152102073116,-1.3114260082260083,212.6395859125971,209.1248011964061,205.54280619757742
1730526097.3559783,206.55926513671875,1577.6976318359375,11.342875531610266,-1.3082046485714485,212.64670773779983,209.13193117624746,205.54759681010285
1730526097.4759808,206.86376953125,1576.416015625,11.343313124575788,-1.3189675478008949,212.65389941238527,209.14230618590125,205.55342304290843
1730526097.5759819,207.12850952148438,1575.2889404296875,11.347557787861108,-1.3258779181974323,212.6577813022659,209.1492296070163,205.55668648697235
1730526097.6759853,207.37774658203125,1574.1939697265625,11.351009639410561,-1.3291077999674805,212.66192516228682,209.15615302813137,205.55930057075136
1730526097.79598,207.7022247314453,1572.713134765625,11.349951118326098,-1.3364762340715117,212.66760378704976,209.16661171665817,205.5633480518054
1730526097.895981,207.92526245117188,1571.60498046875,11.331101655085972,-1.3606401599062368,212.67148093625576,209.17360869462743,205.5661427997486
1730526097.9959898,208.09364318847656,1570.682373046875,11.329147337994224,-1.389249434232522,212.67575952498544,209.18053614585892,205.5689375476918
1730526098.0959904,208.29025268554688,1569.3638916015625,11.313760156960287,-1.4369567693679834,212.68566543833037,209.1908230325995,205.57458338136348
1730526098.2159805,208.4298095703125,1568.056396484375,11.317245527255015,-1.4860058050606268,212.69210625815276,209.19770719117878,205.58104013305513
1730526098.3359835,208.51217651367188,1566.9273681640625,11.322333014666734,-1.5108254011557292,212.70365336428517,209.20807278017605,205.5956727361356
1730526098.4559875,208.57595825195312,1565.4210205078125,11.328048800441227,-1.5252208521120436,212.71360559825644,209.21855685926835,205.61035135296072
1730526098.5559938,208.61480712890625,1564.287841796875,11.321889099326782,-1.514919212383399,212.71954887436186,209.22559811159147,205.6189871972207
1730526098.675991,208.66311645507812,1562.9613037109375,11.328927868943508,-1.4957156903950555,212.7269514707998,209.23612312739726,205.63183627628314
1730526098.7959976,208.73611450195312,1561.4547119140625,11.33701437816416,-1.4865075446099976,212.73325130031503,209.24653730915554,205.6444003053865
1730526098.9159791,208.80581665039062,1560.1326904296875,11.3383388431677,-1.4944730594304247,212.74085656617672,209.25379362828699,205.65277632478876
1730526099.0359821,208.86639404296875,1559.0015869140625,11.343303129910312,-1.500907256624056,212.7484618320384,209.26121075803417,205.66872622605854
1730526099.1559792,208.93875122070312,1557.49267578125,11.348693698008335,-1.5046213010802805,212.757840568888,209.27265430624573,205.67431808504864
1730526099.255981,208.98895263671875,1556.359619140625,11.352644090417671,-1.5057574056013086,212.76709169759351,209.28425678125268,205.68140096956347
1730526099.3759844,209.05166625976562,1555.0421142578125,11.349530218680965,-1.4980576742576712,212.77290606174324,209.29206059091325,205.68592025376313
1730526099.4759884,209.11680603027344,1553.9091796875,11.34598938921721,-1.4768945983392479,212.78162760796783,209.30377050274717,205.6929762236174
1730526099.5959878,209.22421264648438,1552.387939453125,11.349123695884806,-1.457071092449134,212.79019104393774,209.31549455306106,205.69998800983876
1730526099.695998,209.29388427734375,1551.6405029296875,11.342503611069981,-1.4426138561555297,212.79311647019165,209.31940639902825,205.70232386215832
1730526099.8159847,209.4909210205078,1549.9462890625,11.33804615418558,-1.3988815552631204,212.80155575938238,209.3349708669009,205.71132986679584
1730526099.9359877,209.64974975585938,1548.8262939453125,11.341321372528153,-1.3829920709352717,212.80499927981737,209.34262872684303,205.71562959775838
1730526100.0359898,209.8310546875,1547.7017822265625,11.344980810276885,-1.3748390695741033,212.80944735611365,209.35056592983142,205.71959158241827
1730526100.155981,210.09072875976562,1546.2091064453125,11.350967234986252,-1.3699404510650113,212.81768090147898,209.362471734314,205.72469637550887
1730526100.2759874,210.32281494140625,1544.92041015625,11.355122634647795,-1.3682024721376258,212.82734922864438,209.37383963991658,205.72953791917132
1730526100.395994,210.59524536132812,1543.4248046875,11.359831268969081,-1.3673609132331606,212.83975638875359,209.38150395833793,205.73446999177133
1730526100.5159786,210.8330078125,1542.1202392578125,11.362793964532655,-1.3670866076408825,212.8468039768619,209.38347858714053,205.73766337677012
1730526100.6359823,211.03671264648438,1540.999267578125,11.36491701009666,-1.3670157675558865,212.85154264464097,209.38545321594313,205.7408455177108
1730526100.7359834,211.23941040039062,1539.881103515625,11.36695203540686,-1.3670152349236684,212.85669941408798,209.38846895398763,205.74580524512476
1730526100.8359838,211.44189453125,1538.76220703125,11.368738779508977,-1.3671249571605797,212.85820569717316,209.39049737763082,205.74913322676002
1730526100.9559784,211.7002410888672,1537.273193359375,11.36017642361333,-1.3813670100381055,212.8610483675153,209.39358397268938,205.75515882690627
1730526101.055982,211.88168334960938,1536.1527099609375,11.359090635354459,-1.403159657238224,212.86354320746364,209.39565635592635,205.75967604366008
1730526101.1759834,212.07643127441406,1534.8453369140625,11.361917560886445,-1.417050705484077,212.87158363714104,209.39896972917666,205.76817923287706
1730526101.2759895,212.22833251953125,1533.720947265625,11.363980142040756,-1.4225836889648258,212.87832145081472,209.40101710012777,205.77422889689876
1730526101.3759909,212.37249755859375,1532.5924072265625,11.365962874077658,-1.4252708185047156,212.88523527644622,209.40283466039818,205.78052287798243
1730526101.495982,212.53929138183594,1531.196533203125,11.363303646160128,-1.4334616367533635,212.8965959581991,209.4057795050287,205.79048311544898
1730526101.6159785,212.66949462890625,1529.8876953125,11.289848274580896,-1.4661604612495744,212.9060455900036,209.40883360177168,205.7985570283687
1730526101.7159805,212.7437286376953,1528.77197265625,11.177024514522415,-1.5153415897322857,212.9121356517361,209.4111789814449,205.80346158953625
1730526101.8159828,212.76686096191406,1527.663330078125,11.0455171447872,-1.579247868514263,212.91783445311637,209.41439508198005,205.80824789507597
1730526101.9359937,212.69522094726562,1526.19140625,10.923256063836705,-1.6792719379998953,212.92635873177028,209.4192631007104,205.8153368703322
1730526102.0359957,212.55397033691406,1525.10888671875,10.859304216025437,-1.7600818328528236,212.93202631852319,209.42283586218957,205.81979259895195
1730526102.155985,212.2882080078125,1523.879150390625,10.789927633023021,-1.8584376982316297,212.9403868263886,209.42845122881613,205.8254521757832
1730526102.2759852,211.96707153320312,1522.84619140625,10.756632690192234,-1.9472578490112984,212.94615921193883,209.431881607793,205.82902230953346
1730526102.3759863,211.56930541992188,1521.843994140625,10.782110603561007,-2.0285982455533706,212.95163403441336,209.43541075600513,205.83261081757928
1730526102.4759915,211.1112823486328,1520.86376953125,10.81428980066226,-2.0784643390684505,212.95681129381217,209.4390386734525,205.8361993256251
1730526102.5959866,210.42678833007812,1519.595703125,10.854013374051558,-2.090446167128826,212.96237457553468,209.44266659089988,205.84060033748597
1730526102.715979,209.80429077148438,1518.5013427734375,10.862456013614858,-2.0521448506474154,212.9671233011578,209.4461197841564,205.84545317836614
1730526102.8159811,209.29269409179688,1517.5428466796875,10.856217472445223,-1.995126571708819,212.97241875750615,209.4496492135729,205.85077959329806
1730526102.9359953,208.68447875976562,1516.2198486328125,10.874493302938665,-1.9018424303099595,212.9794831252915,209.455058740813,205.85877441965
1730526103.0560093,208.2330322265625,1515.0247802734375,10.904214581428782,-1.8297218974617415,212.98467052966373,209.45866646414015,205.86449711306636
1730526103.1759856,207.91751098632812,1513.980712890625,10.905018842791087,-1.775897281302368,212.9892677313045,209.46221948547532,205.87366776498652
1730526103.2759912,207.66607666015625,1512.921630859375,10.927320733764033,-1.7222020947719725,212.99616353376564,209.4674669644901,205.87973252334996
1730526103.3959773,207.4021453857422,1511.4808349609375,10.99204635475225,-1.675867885494556,213.0007607354064,209.47147843251673,205.88574827213006
1730526103.51598,207.2366485595703,1510.21337890625,11.05150576237663,-1.6477001632770059,213.0072285657676,209.47728781282876,205.8958448860493
1730526103.635986,207.08547973632812,1508.731201171875,11.120737757511431,-1.6282255314896923,213.01097878400503,209.48316972954296,205.9040530995444
1730526103.735991,206.989990234375,1507.61767578125,11.159775794044737,-1.6233210540262024,213.01394265279657,209.48744071911733,205.909262879999
1730526103.855989,206.87060546875,1506.32958984375,11.159653849953521,-1.6459099863922544,213.02472476067408,209.49384697918413,205.91719691630806
1730526103.9759815,206.75392150878906,1505.2218017578125,11.12792628870618,-1.6797166859019383,213.03251418655339,209.49777113475375,205.9213130359335
1730526104.075988,206.61851501464844,1504.1119384765625,11.117534524767851,-1.7079925324597456,213.03905174224917,209.5017714227613,205.92542915555896
1730526104.1959803,206.41555786132812,1502.648193359375,11.124699333872059,-1.694833853513664,213.04651497277519,209.5077718547726,205.9333534504117
1730526104.3159785,206.24951171875,1501.3680419921875,11.110373116125992,-1.644252434929789,213.05384213198647,209.51312910315164,205.94101212238297
1730526104.4159968,206.15203857421875,1500.2427978515625,11.11548766603345,-1.5847803193627938,213.06175725295077,209.517469810668,205.94614041583748
1730526104.5160043,206.10455322265625,1499.1329345703125,11.144661624455313,-1.531757847323752,213.07069353719066,209.5235085048722,205.95236516298883
1730526104.6359851,206.11080932617188,1497.6468505859375,11.179753200172687,-1.4927601142172857,213.07824995652197,209.52958721299092,205.96038624404548
1730526104.7559812,206.1576690673828,1496.33935546875,11.18876689511246,-1.4955111596233375,213.08210321366948,209.53365302304155,205.9660136639585
1730526104.8759856,206.1982421875,1495.2247314453125,11.196749343503994,-1.5244900807089257,213.085956470817,209.5397430440064,205.97138366914112
1730526104.9959779,206.2269744873047,1493.7337646484375,11.227762084604764,-1.5615479672773782,213.09100068269174,209.551914391825,205.9802034402844
1730526105.0959785,206.22018432617188,1492.609375,11.247227452077048,-1.5751146425024598,213.09491976943139,209.56425944417424,205.9891872722137
1730526105.2159789,206.1875457763672,1491.287109375,11.266319054596917,-1.5827967969829027,213.09776191864728,209.57254738058396,205.99518948553396
1730526105.3359833,206.14622497558594,1489.7919921875,11.2704393017203,-1.5711673051347446,213.10322689716838,209.58477222087515,206.003766627809
1730526105.4559832,206.13449096679688,1488.47607421875,11.247298667334203,-1.5293972213335059,213.11256368164493,209.59689352900466,206.01185047256035
1730526105.5759804,206.16110229492188,1487.353271484375,11.249250237016836,-1.480938874770642,213.11830181037283,209.60540192721385,206.01484614146784
1730526105.6959786,206.27438354492188,1485.8624267578125,11.221978190866961,-1.4111342268063571,213.12736841978392,209.61816452452763,206.0190502296556
1730526105.815981,206.4575653076172,1484.57470703125,11.198316409019734,-1.3435384046501837,213.13560166397815,209.63042612385902,206.02426964825167
1730526105.9359818,206.7520751953125,1483.099609375,11.19988351954533,-1.291282923005085,213.14338647537897,209.6427171936433,206.03203119888758
1730526106.055983,207.07244873046875,1481.829833984375,11.219562757504246,-1.2692410039269353,213.14879377448335,209.65095053410334,206.0367604555256
1730526106.175981,207.37075805664062,1480.7484130859375,11.235154543375183,-1.2673038205500118,213.15428207468528,209.65918387456338,206.04121887432768
1730526106.2760696,207.62069702148438,1479.8380126953125,11.229902107039603,-1.2840577669677002,213.15800104066045,209.66651975750972,206.04471691654317
1730526106.3959816,208.03306579589844,1478.210205078125,11.237013401577764,-1.3358999260116187,213.16144944777534,209.67752358192922,206.04863259048898
1730526106.4959824,208.2753448486328,1477.115234375,11.244746242054617,-1.3598662452934596,213.16101450669248,209.68806319580403,206.05985629582426
1730526106.6159887,208.50953674316406,1475.8310546875,11.24256920215603,-1.393387453934287,213.16007715066507,209.6950896050539,206.06720278629984
1730526106.7359838,208.71058654785156,1474.5250244140625,11.265109018598407,-1.4211359945962587,213.1672148796298,209.7058499757036,206.07620991552426
1730526106.8559816,208.90145874023438,1473.03369140625,11.291261519381749,-1.4352427588904084,213.17451024261072,209.71655383405505,206.08330847971524
1730526106.955984,209.02908325195312,1471.9085693359375,11.306819204878954,-1.4398644086461319,213.17919405289842,209.72361438989174,206.08774256668767
1730526107.0759852,209.14968872070312,1470.7840576171875,11.318375944948366,-1.4433829770783446,213.18426412628003,209.73067494572842,206.0921766536601
1730526107.19598,209.2917022705078,1469.281494140625,11.319131968357874,-1.4668257188898761,213.19614800962677,209.74136602647786,206.10149983116423
1730526107.3159804,209.39810180664062,1467.973876953125,11.332648522247059,-1.4878119609119185,213.20185665180873,209.75170749312508,206.11057138170088
1730526107.4159813,209.4727783203125,1466.8363037109375,11.341845110379134,-1.4965641735183548,213.20193998700472,209.7581320212954,206.1143132843814
1730526107.535983,209.55319213867188,1465.320556640625,11.352474260999829,-1.5017323039297625,213.20845849976456,209.76753255608594,206.1184796085622
1730526107.6359842,209.60565185546875,1464.1861572265625,11.359000739767586,-1.5034031711976783,213.21270201353775,209.7734918309094,206.12153279885706
1730526107.735986,209.6545867919922,1463.05126953125,11.365027513909373,-1.5042521869531955,213.2172386631213,209.78242415582008,206.1274119085948
1730526107.8360195,209.69403076171875,1462.103271484375,11.369538047378677,-1.5046420737367834,213.220535684889,209.78837025599455,206.13069091029172
1730526107.9559789,209.75624084472656,1460.5885009765625,11.376050787725067,-1.5049611204353748,213.22494616204096,209.79744452199918,206.13560941283708
1730526108.0559802,209.78746032714844,1459.83251953125,11.37822149525024,-1.505037819474769,213.22641632109162,209.80057268782934,206.1369622031151
1730526108.175982,209.85476684570312,1458.312744140625,11.377742055848742,-1.5010574589095367,213.2324397042903,209.80995718531983,206.14181068332027
1730526108.2759845,209.9205322265625,1457.1805419921875,11.363114914470879,-1.4797558986144288,213.23591188218643,209.81868535002218,206.15368486234843
1730526108.3959782,210.0330047607422,1455.67236328125,11.367152723511776,-1.4476525569379595,213.24574507629507,209.8276844160356,206.16470427366585
1730526108.495979,210.1509552001953,1454.53955078125,11.36005690298849,-1.4229698473228871,213.25051184523534,209.83404499512596,206.17236381210978
1730526108.6159787,210.2941131591797,1453.4166259765625,11.361199083320319,-1.3952639172383567,213.2536689372197,209.84040557421633,206.17907919590857
1730526108.7359912,210.54986572265625,1451.726806640625,11.367061408063172,-1.3747794147656853,213.2579920477774,209.84935588950998,206.18910157610537
1730526108.855979,210.773681640625,1450.4202880859375,11.370984082079008,-1.3685806410124168,213.26213337448792,209.8578832416681,206.2000400755884
1730526108.9759886,210.97381591796875,1449.3018798828125,11.373915324432637,-1.3661779370769476,213.2648942589616,209.86349679456384,206.2073980905417
1730526109.0759916,211.17843627929688,1448.18017578125,11.376200010165688,-1.3650157335772368,213.27272748056146,209.87186125078688,206.21724555016863
1730526109.195975,211.45220947265625,1446.6947021484375,11.378382149449376,-1.3643446169825368,213.27826618366862,209.87736305744147,206.2215114645635
1730526109.2959802,211.6570281982422,1445.5694580078125,11.377443867233321,-1.3681902215966113,213.28588208580436,209.88572138855784,206.2275374783179
1730526109.415982,211.87789916992188,1444.2728271484375,11.366143265100204,-1.3912947419497028,213.2905368622039,209.8913288163469,206.23457927799257
1730526109.535982,212.11410522460938,1442.76513671875,11.368595214810574,-1.4119262509145467,213.29695857160573,209.90009438537663,206.2455356238146
1730526109.6559777,212.2903289794922,1441.448486328125,11.362192111583855,-1.4273262462340388,213.3057571414339,209.90887460105682,206.25654547816828
1730526109.7759843,212.40069580078125,1440.50634765625,11.36112029146203,-1.4443001697577678,213.31256559207316,209.91451132214684,206.26388538107074
1730526109.8959765,212.57460021972656,1438.8160400390625,11.363651385542708,-1.4604836670699615,213.31805761224757,209.92300134661082,206.26892513625535
1730526109.9959805,212.6630859375,1437.8031005859375,11.36452000423563,-1.4660358253105585,213.322081756265,209.92861191607074,206.2744947571466
1730526110.1159825,212.7568359375,1436.47900390625,11.350264825019451,-1.4884852080354907,213.3277715653977,209.93693612857203,206.2836797422848
1730526110.2359767,212.83152770996094,1434.9688720703125,11.35225922126172,-1.5257268527191585,213.33735342019736,209.9451162518567,206.29100372929406
1730526110.3559868,212.8540496826172,1433.6536865234375,11.350132829189107,-1.558709037555354,213.3470224575998,209.94871523752,206.29629384640907
1730526110.475985,212.83819580078125,1432.1312255859375,11.353112227603146,-1.5843653988649593,213.35661209054388,209.95191445556554,206.30118814176228
1730526110.5759912,212.794189453125,1430.972900390625,11.354128908398678,-1.6039257844393733,213.3622926098884,209.9539209286279,206.3044510053311
1730526110.6959844,212.735107421875,1429.8583984375,11.358008955592133,-1.6150311661850039,213.36759841698415,209.95580106272223,206.30980631343039
1730526110.8159852,212.63502502441406,1428.53369140625,11.347215013023812,-1.6369095671722227,213.37591461373802,209.95862126386373,206.317969775287
1730526110.9359772,212.47071838378906,1427.0396728515625,11.30941223910505,-1.692240467244145,213.3848036939237,209.96154474827927,206.32529038839118
1730526111.0559814,212.26486206054688,1425.743896484375,11.297656478691122,-1.7573313200789897,213.3902243285288,209.96347103453502,206.330019185962
1730526111.1559882,212.04061889648438,1424.640869140625,11.307812893287064,-1.8013176865393923,213.39546967649778,209.96632640888674,206.3371540578355
1730526111.275987,211.67262268066406,1423.16845703125,11.318717888039536,-1.8322018330688232,213.39753350494198,209.96923208158648,206.34506153685652
1730526111.3959825,211.36138916015625,1422.07958984375,11.32823578858779,-1.8429966902313504,213.39905315126634,209.97118596283565,206.35039170790424
1730526111.515979,210.9234161376953,1420.6373291015625,11.341443597848807,-1.8495153096315373,213.405426764985,209.97403295549464,206.35788255549255
1730526111.6359766,210.52706909179688,1419.3685302734375,11.349773817264868,-1.8518527661203,213.41136631134032,209.97593095060063,206.36258464332695
1730526111.7359858,210.18502807617188,1418.2833251953125,11.356838704159044,-1.8527664966903061,213.41573169942137,209.97798463071467,206.36728412973866
1730526111.855986,209.84368896484375,1417.2037353515625,11.362848364533088,-1.853202722476861,213.42054458422126,209.97996969495432,206.37146846070118
1730526111.9759822,209.33255004882812,1415.57421875,11.366203003584662,-1.84916031025823,213.43299308043424,209.98349122166871,206.37905874136118
1730526112.0959795,208.95413208007812,1414.3033447265625,11.353803297047358,-1.8228711818736216,213.43843347278528,209.98518569496503,206.38268594693534
1730526112.1959827,208.69403076171875,1413.385986328125,11.358492375576123,-1.8021858770547583,213.44228346035754,209.98688016826134,206.38602185435968
1730526112.31598,208.35614013671875,1412.1097412109375,11.363152780625446,-1.7859512470496353,213.44805844171594,209.98952298501945,206.3910257154962
1730526112.435976,208.0093994140625,1410.642822265625,11.359937790369628,-1.7602890267856317,213.45345918250996,209.99202525046098,206.3960295766327
1730526112.535978,207.76446533203125,1409.5318603515625,11.364884937261353,-1.7465476481930409,213.45855096290165,209.99343862112414,206.39968104130003
1730526112.6359782,207.54183959960938,1408.4150390625,11.361280740125423,-1.7306874586371828,213.46387662522636,209.9948519917873,206.4036480632103
1730526112.7559788,207.3177490234375,1407.119140625,11.343789571396375,-1.6932636537349535,213.46798847309992,209.997800981958,206.41189566809817
1730526112.8559864,207.15403747558594,1405.9962158203125,11.3456433978049,-1.658937105180486,213.46948098314306,209.99976697540512,206.41783829700785
1730526112.9759963,207.0018768310547,1404.4844970703125,11.325884746728931,-1.6029952759544996,213.4769193822068,210.00229158307138,206.4270841351182
1730526113.095983,206.9251708984375,1403.1617431640625,11.331692574955541,-1.5606776462331406,213.48238831932224,210.00475161188513,206.43702785228334
1730526113.2159765,206.8958282470703,1401.8441162109375,11.336828928498226,-1.539413370193294,213.490810229188,210.00637010481012,206.4435712432171
1730526113.335976,206.90090942382812,1400.5201416015625,11.342615980848228,-1.5294781814306444,213.5006244015109,210.0089542048246,206.45338632961773
1730526113.4559782,206.92413330078125,1399.20166015625,11.348515667820628,-1.523886608405914,213.50916609449746,210.0110568061276,206.45878627223362
1730526113.5559797,206.96128845214844,1398.071044921875,11.339089652271383,-1.5064695348767958,213.52217806053488,210.01416850273176,206.46586588498838
1730526113.6559882,207.02366638183594,1396.9359130859375,11.311744276580805,-1.4686228199934614,213.53084884732039,210.0162288986844,206.46983987246563
1730526113.7759922,207.14254760742188,1395.615234375,11.30488082410081,-1.4107406115972434,213.54014349042916,210.01923226581437,206.4746978761708
1730526113.8959785,207.34188842773438,1394.12255859375,11.311412099084317,-1.3636149108438553,213.54283660120007,210.02219201954483,206.47863809640876
1730526113.9959805,207.50869750976562,1393.194580078125,11.306785019710443,-1.3371473506662117,213.543766475016,210.02339069492325,206.479963371429
1730526114.115977,207.77798461914062,1391.900146484375,11.312982326838707,-1.3109578245063724,213.54559074451845,210.0269867210585,206.48422144548363
1730526114.2359757,208.11459350585938,1390.4324951171875,11.309033816448467,-1.3112321300986507,213.55040296546838,210.03019520354349,206.48868372391212
1730526114.3559923,208.4121856689453,1389.15673828125,11.315373442083784,-1.3303104835157602,213.56109735054918,210.03320991420333,206.4937669171876
1730526114.4560006,208.6611328125,1388.0518798828125,11.323324930238437,-1.339550587233899,213.56474854360806,210.03546810866874,206.49825663254626
1730526114.5759954,208.96798706054688,1386.5498046875,11.316679072613786,-1.3616724011447514,213.56731120203904,210.03885540036686,206.50458857980266
1730526114.6959848,209.13766479492188,1385.6363525390625,11.31842636704339,-1.3817148188764696,213.57198019526777,210.04062389998376,206.50953215310415
1730526114.7959864,209.34596252441406,1384.33203125,11.307685141593247,-1.414085541926383,213.5766491884965,210.04278958904365,206.51540810360098
1730526114.9159822,209.50390625,1383.0240478515625,11.292360167721322,-1.4612794196036771,213.58553617548137,210.04608988805614,206.52435912339809
1730526115.035978,209.6196746826172,1381.5196533203125,11.300551692565309,-1.5171962151154168,213.59360929754564,210.04949371791395,206.53345728568604
1730526115.155982,209.66944885253906,1380.2080078125,11.312023473741839,-1.5424616243769984,213.6624447636167,210.05164109413727,206.53965690694451
1730526115.2759924,209.697021484375,1378.69580078125,11.303184292007446,-1.5358197006183407,213.76727764624138,210.05467939294942,206.54672912180126
1730526115.3959816,209.73582458496094,1377.3792724609375,11.274883914645761,-1.494148686409653,213.87809979064548,210.0579044285455,206.55145638043086
1730526115.495982,209.80413818359375,1376.254150390625,11.271933237992329,-1.446153197244245,213.92735537733734,210.06011669787085,206.5547458463309
1730526115.6159778,209.92413330078125,1375.1368408203125,11.244127513109042,-1.3897841969794098,213.95013764772375,210.06317148941787,206.56035162207797
1730526115.735977,210.17381286621094,1373.6591796875,11.23488718802924,-1.3084459309662098,213.97398480930974,210.06631578167696,206.5671226633142
1730526115.855983,210.46495056152344,1372.3890380859375,11.24376775931032,-1.2605420545423005,213.9810656846605,210.06853131079913,206.57176158746097
1730526115.9559832,210.76235961914062,1371.30126953125,11.249511792344494,-1.2438035544589345,214.0316148715939,210.0707468399213,206.5762795053348
1730526116.0559895,211.0771484375,1370.22216796875,11.243401589213311,-1.255555551717236,214.04337387905446,210.07850653563366,206.58024212353882
1730526116.1759813,211.49417114257812,1368.771240234375,11.261252208616309,-1.2920126291437668,214.0518485353449,210.0901460792022,206.58495358194807
1730526116.2759843,211.77264404296875,1367.6754150390625,11.254329848960339,-1.3283605169656043,214.05574126418514,210.1021752551103,206.59352983489407
1730526116.3760083,211.97439575195312,1366.7705078125,11.258339104230233,-1.362368551453698,214.05913530159273,210.10640456080068,206.59675836980364
1730526116.4959803,212.22463989257812,1365.474853515625,11.268991307323805,-1.394698261822824,214.0693174138155,210.11909247787185,206.6056996350079
1730526116.6159842,212.43214416503906,1364.172119140625,11.28251502088725,-1.4101531182607718,214.07949952603826,210.131246852064,206.61315222116332
1730526116.735983,212.63436889648438,1362.6798095703125,11.297240912097863,-1.421880081804827,214.08988238438565,210.14382174033358,206.62096135217723
1730526116.855978,212.78640747070312,1361.375732421875,11.307129756941874,-1.4434378381968003,214.09655114360726,210.1523451705391,206.6261082754745
1730526116.9559913,212.9020538330078,1360.254150390625,11.31760260898387,-1.4585480815896918,214.10289984111068,210.1608564312728,206.63157721482992
1730526117.0759823,213.03054809570312,1358.74169921875,11.329943689114168,-1.4800616295075701,214.11395876301685,210.17495875648456,206.6399587506312
1730526117.1959848,213.111572265625,1357.6123046875,11.339155085219277,-1.4875333942618962,214.11992682499704,210.19072195730985,206.64428413875885
1730526117.3159757,213.20541381835938,1356.106689453125,11.350226046159703,-1.4918413236412085,214.12697999115176,210.20593751953845,206.64843018385102
1730526117.415984,213.25990295410156,1355.1617431640625,11.355384632805967,-1.4929896787032504,214.13104912631638,210.21091440572752,206.64995151163043
1730526117.5359924,213.32318115234375,1354.021728515625,11.360580821434569,-1.4936863616444154,214.13720448745312,210.22584506429473,206.65432581313678
1730526117.6559765,213.40872192382812,1352.33056640625,11.36128471714206,-1.5001461251845114,214.14338567778475,210.2412360542495,206.65832075097933
1730526117.7559767,213.44708251953125,1351.1962890625,11.341435287555186,-1.5251484141303933,214.1474218013526,210.25149671421934,206.68017397897586
1730526117.8559768,213.45518493652344,1350.0611572265625,11.31240090189251,-1.5700839312033004,214.15371025947718,210.26641347360714,206.70069556102487
1730526117.9759793,213.40582275390625,1348.5478515625,11.317565399784268,-1.632119073003388,214.16046726314732,210.28160511695478,206.73208526236476
1730526118.075986,213.32138061523438,1347.41552734375,11.320100701951372,-1.6619438140511855,214.1648049863071,210.28906764181636,206.75321417268015
1730526118.1959784,213.16287231445312,1346.1075439453125,11.304078025030348,-1.7026848524072178,214.16914270946688,210.29466716276318,206.7846040090526
1730526118.3159776,212.98326110839844,1344.986572265625,11.307956648898621,-1.7433907370368609,214.1705520828216,210.2970046535669,206.80542939026736
1730526118.415983,212.7733154296875,1343.87841796875,11.280604828419916,-1.7697336612754886,214.17149166505806,210.2993421443706,206.82646153218354
1730526118.5159926,212.48431396484375,1342.5660400390625,11.20085219836795,-1.7855107602053362,214.17261099007123,210.30248289094368,206.848770723808
1730526118.6359906,212.26004028320312,1341.629150390625,11.149038057939364,-1.7911263016798773,214.17298409840896,210.3034688915293,206.86339617050214
1730526118.7360284,211.94679260253906,1340.369384765625,11.072652655331236,-1.7948957398867753,214.1740053647179,210.30648454613777,206.87777426947412
1730526118.8559816,211.58746337890625,1338.9521484375,10.983546331084408,-1.7966872483520717,214.17483051361842,210.30961550644952,206.899218961188
1730526118.975977,211.3219451904297,1337.891845703125,10.91508511059459,-1.7915785064329726,214.17581574924043,210.31170281332402,206.91335214667185
1730526119.0759795,211.0261993408203,1336.6536865234375,10.841089711322136,-1.7682918258613196,214.17680098486244,210.3138492977066,206.9347207213508
1730526119.1759799,210.78680419921875,1335.6053466796875,10.777741220923167,-1.7547736201680775,214.17797041900235,210.31709773419198,206.94902270328782
1730526119.2959807,210.5274200439453,1334.390380859375,10.700486142473311,-1.7473109101614575,214.17717637220892,210.31930163839752,206.96334399567513
1730526119.415993,208.13790893554688,1767.528076171875,0.0,-1.525068519297691,211.59109975211788,208.12400957789532,204.57358315344527
1730526119.535986,208.1382293701172,1767.513427734375,0.2775552292998742,-1.5252229826409156,211.59109975211788,208.12400957789532,204.57358315344527
1730526119.6559818,208.14117431640625,1767.36083984375,1.3559810735456161,-1.5262722681104068,211.59109975211788,208.12400957789532,204.57358315344527
1730526119.7559998,208.14378356933594,1767.2158203125,1.4378460783566898,-1.5268949151732674,211.59109975211788,208.12400957789532,204.57358315344527
1730526119.8759778,208.14654541015625,1767.053466796875,1.3783868684455294,-1.5271420565224265,211.5960551592807,208.12606041946037,204.57520757590373
1730526119.9759855,208.14889526367188,1766.9205322265625,1.319409780631497,-1.5272128966074228,211.5960551592807,208.12606041946037,204.57520757590373
1730526120.0759883,208.15130615234375,1766.7926025390625,1.2604201417975802,-1.5272310061028354,211.5960551592807,208.12606041946037,204.57520757590373
1730526120.1959896,208.1542205810547,1766.652099609375,1.189717307506637,-1.527221951355129,211.5960551592807,208.12606041946037,204.57520757590373
1730526120.3159823,208.15760803222656,1766.50048828125,1.1073875418708323,-1.5271937218475744,211.59962074156977,208.12740094335447,204.5768319983622
1730526120.4359887,208.15997314453125,1766.3936767578125,1.048632187186355,-1.5271740144555075,211.59962074156977,208.12740094335447,204.5768319983622
1730526120.535989,208.16207885742188,1766.292724609375,0.9899235022485876,-1.5271606986500574,211.59962074156977,208.12740094335447,204.5768319983622
1730526120.6559787,208.1644287109375,1766.167724609375,0.907814379608409,-1.5271548396956591,211.59962074156977,208.12740094335447,204.5768319983622
