1730529788.795995,210.94735717773438,1761.635009765625,0.008235588838803164,-1.4638024984204183,211.62660361948747,208.1419744383801,204.60820823213112
1730529788.9159915,210.94728088378906,1761.6357421875,0.008415567029860663,-1.4638051615815082,211.62660361948747,208.1419744383801,204.60820823213112
1730529789.015994,210.94720458984375,1761.636474609375,0.008565052427903092,-1.4638072921103802,211.62660361948747,208.1419744383801,204.60820823213112
1730529789.135977,210.94711303710938,1761.6370849609375,0.00871386426478254,-1.4638099552714705,211.62660361948747,208.1419744383801,204.60820823213112
1730529789.2359824,210.94703674316406,1761.6376953125,0.008862177420853575,-1.4638120858003425,211.62660361948747,208.1419744383801,204.60820823213112
1730529789.355993,210.94696044921875,1761.638427734375,0.009038866072324379,-1.4638147489614324,211.62660361948747,208.1419744383801,204.60820823213112
1730529789.4759865,210.94686889648438,1761.6392822265625,0.009214849784424786,-1.4638174121225225,211.62660361948747,208.1419744383801,204.60820823213112
1730529789.5959997,210.94677734375,1761.640625,0.009389491872072058,-1.4638200752836128,211.62660361948747,208.1419744383801,204.60820823213112
1730529789.7159917,210.94668579101562,1761.642333984375,0.009592208406861948,-1.4638232710769208,211.62660361948747,208.1419744383801,204.60820823213112
1730529789.816,210.94677734375,1761.6414794921875,0.03549402213124022,-1.4638254016057926,211.62660361948747,208.1419744383801,204.60820823213112
1730529789.9359846,210.94744873046875,1761.633544921875,0.10675571872370222,-1.463828597399101,211.62660361948747,208.1419744383801,204.60820823213112
1730529790.0359848,210.948974609375,1761.615234375,0.1925355942665526,-1.4638323258246269,211.62660361948747,208.1419744383801,204.60820823213112
1730529790.1559787,210.95132446289062,1761.587158203125,0.2644312384691899,-1.4638360542501532,211.62660361948747,208.1419744383801,204.60820823213112
1730529790.25598,210.95401000976562,1761.55517578125,0.3368673331758875,-1.4638387174112433,211.62660361948747,208.1419744383801,204.60820823213112
1730529790.3559804,210.95724487304688,1761.516357421875,0.4100106366999397,-1.4638413805723332,211.62660361948747,208.1419744383801,204.60820823213112
1730529790.4760118,210.9618377685547,1761.461669921875,0.4989758740191088,-1.4638445763656414,211.62660361948747,208.1419744383801,204.60820823213112
1730529790.5960014,210.9674072265625,1761.39501953125,0.5895385749758038,-1.4638472395267315,211.62660361948747,208.1419744383801,204.60820823213112
1730529790.7159805,210.974609375,1761.30908203125,0.6976236298563138,-1.4638472395267315,211.62660361948747,208.1419744383801,204.60820823213112
1730529790.8159814,210.9807891845703,1761.23486328125,0.7766988760351986,-1.4638445763656414,211.62660361948747,208.1419744383801,204.60820823213112
1730529790.935979,210.9888153076172,1761.1363525390625,0.8737458536239245,-1.464095978772545,211.6299406333469,208.14343093744333,204.61192936430348
1730529791.0559816,210.99673461914062,1761.0296630859375,0.9555745753023405,-1.466557272251996,211.6299406333469,208.14343093744333,204.61192936430348
1730529791.155985,211.00523376464844,1760.9278564453125,1.0410663473784567,-1.4684694219146728,211.6299406333469,208.14343093744333,204.61192936430348
1730529791.2759795,211.01573181152344,1760.799072265625,1.1469187765721562,-1.469276359724967,211.6299406333469,208.14343093744333,204.61192936430348
1730529791.3759909,211.02540588378906,1760.67578125,1.2381863719589357,-1.469514978958638,211.6299406333469,208.14343093744333,204.61565049647584
1730529791.4959888,211.0372314453125,1760.523681640625,1.3516269710781388,-1.4696033959068286,211.63273133432108,208.14488743650656,204.61565049647584
1730529791.6159854,211.0520477294922,1760.33349609375,1.4900208210939774,-1.4696241685633313,211.63273133432108,208.14488743650656,204.61565049647584
1730529791.7359793,211.066162109375,1760.1514892578125,1.593381818909367,-1.4696199075055871,211.63552203529525,208.1463439355698,204.61954469660452
1730529791.85598,211.07919311523438,1759.9832763671875,1.722836786381628,-1.469612450654535,211.63552203529525,208.1463439355698,204.61954469660452
1730529791.976002,211.09771728515625,1759.74462890625,1.8588275337143603,-1.4696023306423927,211.63552203529525,208.1463439355698,204.61954469660452
1730529792.095986,211.114501953125,1759.528564453125,1.8198153537599693,-1.4695970043202127,211.63831273626943,208.1480584463825,204.62128759660823
1730529792.1959867,211.12815856933594,1759.3525390625,1.7604739244792171,-1.4695943411591224,211.63831273626943,208.1480584463825,204.62128759660823
1730529792.2959976,211.14199829101562,1759.174072265625,1.8080210093644926,-1.4695943411591224,211.63831273626943,208.1480584463825,204.62128759660823
1730529792.4159818,211.15652465820312,1758.98681640625,1.9244443617417724,-1.4695948737913405,211.6411034372436,208.14977295719518,204.62303049661193
1730529792.5359783,211.17857360839844,1758.703369140625,1.9122830993718958,-1.4695975369524308,211.6411034372436,208.14977295719518,204.62303049661193
1730529792.6559796,211.1943817138672,1758.50048828125,2.0588793966022645,-1.4695986022168666,211.64229588301816,208.15148746800787,204.62477339661564
1730529792.7559824,211.21255493164062,1758.2667236328125,2.033047696041655,-1.4695959390557765,211.64229588301816,208.15148746800787,204.62477339661564
1730529792.8759773,211.230224609375,1758.025390625,2.112330552139893,-1.4711837156976817,211.64348832879273,208.15290593022462,204.62641565633282
1730529792.9759874,211.24462890625,1757.816162109375,2.0844389920421285,-1.4766474569900883,211.64348832879273,208.15290593022462,204.62641565633282
1730529793.095991,211.2633514404297,1757.5638427734375,2.205753803351264,-1.4806145017498702,211.64488514454126,208.15432439244137,204.62805791605
1730529793.1960034,211.27915954589844,1757.333984375,2.340778112547605,-1.4817937494805575,211.64488514454126,208.15432439244137,204.62805791605
1730529793.3159888,211.3007049560547,1757.0072021484375,2.5414443309999615,-1.482317859583085,211.6462819602898,208.15574285465811,204.6297001757672
1730529793.4359803,211.32089233398438,1756.6971435546875,2.7251043493631073,-1.482459539753077,211.6462819602898,208.15574285465811,204.6297001757672
1730529793.5559814,211.34226989746094,1756.3681640625,2.886904006037664,-1.4825074766526987,211.64952243895948,208.15716131687486,204.6313618683604
1730529793.655985,211.36187744140625,1756.06591796875,3.0573122532821544,-1.482522390354803,211.65276291762916,208.1585797790916,204.63302356095357
1730529793.7759821,211.3860626220703,1755.692138671875,3.273781065472942,-1.482590034646491,211.65276291762916,208.1585797790916,204.63302356095357
1730529793.8959913,211.40896606445312,1755.2938232421875,3.500260868397618,-1.4877102281582777,211.65600339629884,208.16007572388332,204.63468525354676
1730529793.9959943,211.43077087402344,1754.9288330078125,3.702940385754888,-1.493638957377012,211.65924387496852,208.16157166867504,204.63748969657559
1730529794.1159842,211.45933532714844,1754.4139404296875,4.003986695102963,-1.4964384723149031,211.66099245587372,208.16306761346675,204.6402941396044
1730529794.2359781,211.48439025878906,1753.9267578125,4.277918354849593,-1.4971607216025324,211.662625598594,208.16456355825846,204.64309858263323
1730529794.3559742,211.5103759765625,1753.4091796875,4.512866974841326,-1.4973881555596253,211.66425874131426,208.16608153825246,204.64590302566205
1730529794.455978,211.5335235595703,1752.94482421875,4.755462172761669,-1.4974579303801856,211.6654343784977,208.16759951824645,204.64887238113658
1730529794.575983,211.55709838867188,1752.4461669921875,4.996334203495156,-1.4992076272163675,211.66661001568116,208.16911749824044,204.65184173661112
1730529794.6963549,211.58486938476562,1751.7486572265625,5.350605402861966,-1.5125644453475509,211.66830416481787,208.17068559093718,204.65481109208565
1730529794.815983,211.61184692382812,1751.0068359375,5.726694175545785,-1.5222359811622825,211.6713464941978,208.17382177633067,204.66140623451145
1730529794.9159853,211.62832641601562,1750.4176025390625,6.006394214151882,-1.5256181957466834,211.67286765888775,208.1753898690274,204.66470380572434
1730529795.0359802,211.64498901367188,1749.6910400390625,6.340696639318422,-1.5275974570688302,211.67438882357771,208.17695796172416,204.66653349310525
1730529795.1559787,211.66033935546875,1748.92919921875,6.615166604429373,-1.5285178455415616,211.67786375302683,208.1796859864271,204.67019286786706
1730529795.2759817,211.67518615722656,1748.142578125,6.834468422412717,-1.528939157626012,211.68363391353762,208.1824735490594,204.67501268989474
1730529795.3959918,211.6897735595703,1747.34716796875,6.758747587751842,-1.5291261115345356,211.68761989549125,208.18389709934024,204.6782579399984
1730529795.515986,211.70254516601562,1746.56201171875,6.682062741295531,-1.5309903242975913,211.6960914506226,208.18642249650998,204.68508489892452
1730529795.61599,211.70947265625,1745.7916259765625,6.598618904745575,-1.542538323416393,211.6978646659412,208.18752434339888,204.688666607747
1730529795.7359793,211.71270751953125,1745.0208740234375,6.525581127819073,-1.553061538147732,211.70141109657845,208.18939073665808,204.69426146925935
1730529795.8359802,211.70323181152344,1744.3763427734375,6.45001436601859,-1.5701590323460406,211.7025825082883,208.1903239332877,204.69627462194921
1730529795.9559772,211.68417358398438,1743.626953125,6.388859299526826,-1.5916635255162126,211.7067129084703,208.19215772350537,204.70030092732895
1730529796.0559783,211.65328979492188,1742.9969482421875,6.3198458166908225,-1.6115450883180897,211.7096718969425,208.19307461861422,204.70170609718514
1730529796.175979,211.5950469970703,1742.27587890625,6.215644347077939,-1.6494408053654814,211.71312047348624,208.19400004728607,204.70311126704132
1730529796.2759817,211.52761840820312,1741.66259765625,6.147408640331895,-1.6890627834314624,211.71940631539485,208.19492547595792,204.7045164368975
1730529796.395989,211.43014526367188,1740.950439453125,6.078499826520598,-1.7236689639003882,211.7222435807597,208.1967763333016,204.70778824599086
1730529796.49599,211.3275604248047,1740.34619140625,6.184379030926471,-1.7420330575131382,211.72508084612457,208.19770176197346,204.70942415053753
1730529796.5959938,211.20626831054688,1739.730224609375,6.288999805858846,-1.7595049921607122,211.72791811148943,208.1986271906453,204.71255869129982
1730529796.7159822,211.03555297851562,1738.92236328125,6.201188212896598,-1.771530229746856,211.73359264221915,208.2007534835334,204.7188277728244
1730529796.8159983,210.89820861816406,1738.3116455078125,6.138470835439875,-1.7754605228835951,211.73739530946375,208.20181662997743,204.72186947942237
1730529796.9359787,210.73951721191406,1737.6253662109375,6.073859030590756,-1.7774914495308893,211.74509139940858,208.20390701605936,204.7278849306099
1730529797.0359838,210.5983123779297,1737.02197265625,6.175424203225707,-1.7782190251406993,211.7477782467446,208.20493425569725,204.73089265620365
1730529797.1559808,210.434326171875,1736.30712890625,6.446019354593487,-1.7736266701569665,211.7504650940806,208.20596149533515,204.73389405129547
1730529797.2759798,210.27224731445312,1735.5667724609375,6.528323175116197,-1.7553589829756768,211.7558387887526,208.20790638177095,204.7398968414791
1730529797.3759806,210.13475036621094,1734.925537109375,6.466347799556639,-1.7430519829462026,211.75852563608862,208.20882402856887,204.74197859805224
1730529797.4759808,210.00694274902344,1734.296875,6.572954327978513,-1.737045489423638,211.76108768876384,208.20974167536679,204.7440603546254
1730529797.5959864,209.85447692871094,1733.510986328125,6.895076891267554,-1.7335253230947711,211.76632379875502,208.21154858222667,204.74822386777169
1730529797.6959891,209.7264404296875,1732.835205078125,6.861268926807886,-1.7321516646045085,211.768997856071,208.21243784228864,204.75023726393783
1730529797.7959955,209.59945678710938,1732.157958984375,6.797861156227891,-1.7314864069642064,211.77167191338697,208.2133271023506,204.75225066010398
1730529797.8960013,209.47830200195312,1731.501708984375,6.769491825657492,-1.7296626742497203,211.77734178840478,208.21535305678526,204.75599441160966
1730529798.0159895,209.32186889648438,1730.589111328125,7.017950550949493,-1.709817863070886,211.7829823647685,208.21737901121992,204.75945512228873
1730529798.1359808,209.1925506591797,1729.7801513671875,6.942505903714087,-1.6854467433033529,211.78580265295034,208.22032924381233,204.76234279434618
1730529798.235984,209.0923309326172,1729.0972900390625,6.878613460676644,-1.6743152625790394,211.79001638384386,208.22909396805744,204.7681181384611
1730529798.3359845,209.00579833984375,1728.4215087890625,6.811053047243243,-1.6649547839796293,211.79192035915037,208.23347633018,204.7710340521951
1730529798.4359848,208.93032836914062,1727.7437744140625,6.742418072469189,-1.6481374543279965,211.79467898051394,208.23785848453394,204.77342305285936
1730529798.535985,208.85951232910156,1727.068603515625,6.679510342923292,-1.636315149616917,211.79998747299794,208.24662279324184,204.7782010541879
1730529798.6559854,208.79238891601562,1726.3157958984375,6.613799846267982,-1.6266249716745547,211.80253734411838,208.2510049475958,204.7802382319727
1730529798.7759817,208.73770141601562,1725.553466796875,6.531024314662975,-1.6081783200680118,211.8086469110084,208.2598218389346,204.78431258754233
1730529798.875989,208.695068359375,1724.9013671875,6.468014172368268,-1.597668421142123,211.8117016944534,208.2642565759195,204.78723783970042
1730529798.9960055,208.6544952392578,1724.15185546875,6.391537783485733,-1.5920139975156669,211.81511998177393,208.27313063480813,204.7930883440166
1730529799.115991,208.62158203125,1723.30859375,6.294981597860305,-1.5806044827735495,211.82086488635866,208.2775699567119,204.79631617844962
1730529799.2159915,208.60238647460938,1722.684814453125,6.231031480940438,-1.5668987905395657,211.82319150362287,208.28200927861565,204.79954401288262
1730529799.3359826,208.58494567871094,1721.96044921875,6.154676115979882,-1.5584970499325836,211.82820002614062,208.29101722151245,204.8058328250952
1730529799.4559798,208.57476806640625,1721.2301025390625,6.3304374495531786,-1.5547904623274116,211.8307042873995,208.2955858425055,204.80889380287476
1730529799.575981,208.56845092773438,1720.486572265625,6.420926011444167,-1.5531222582205857,211.83687804890303,208.30472308449157,204.81483494757038
1730529799.6759887,208.56448364257812,1719.846435546875,6.357276299990722,-1.5524681858568623,211.8399649296548,208.30924778364295,204.81700975420813
1730529799.7959912,208.55990600585938,1719.085205078125,6.280980555742109,-1.5528181252240987,211.846098227026,208.3182971819457,204.82135936748364
1730529799.8959932,208.55316162109375,1718.4609375,6.214294502654103,-1.5589327430869206,211.84914464364545,208.32282188109707,204.8234974982704
1730529800.0159874,208.54563903808594,1717.7353515625,6.138395561771609,-1.5634931401375725,211.85252439730743,208.32740128055445,204.82660901997804
1730529800.135996,208.53445434570312,1716.9976806640625,6.437813866633309,-1.5655443068091512,211.85864020127042,208.33656007946922,204.8328320633933
1730529800.2559807,208.51849365234375,1716.1226806640625,6.58097839680855,-1.5665967880719507,211.8641123018724,208.345718878384,204.83887335785755
1730529800.355986,208.505615234375,1715.463623046875,6.686259828423677,-1.5669366074270448,211.8668483521734,208.35020508584546,204.84189400508967
1730529800.4759767,208.4895782470703,1714.6614990234375,6.916134033137526,-1.5671246266000045,211.8695325788358,208.35469129330693,204.84449527556092
1730529800.5759819,208.47586059570312,1713.97607421875,6.8523531942382485,-1.567208249858233,211.8751290162827,208.36366370822986,204.8496978165034
1730529800.6959798,208.4600830078125,1713.186279296875,6.775835074894534,-1.5672572520222903,211.8775521039438,208.36814991569133,204.85229908697465
1730529800.7959867,208.44570922851562,1712.5146484375,6.712033574000695,-1.5684056070843322,211.88261817702903,208.37612285498471,204.857013264716
1730529800.9159803,208.4207305908203,1711.732177734375,6.624202500053723,-1.5824228891658556,211.88526116245316,208.37855031108245,204.85937035358666
1730529801.0159807,208.395263671875,1711.074951171875,6.559500408713809,-1.599815994245163,211.89095558765803,208.38340522327792,204.86403774648238
1730529801.1159844,208.36143493652344,1710.4132080078125,6.662248406314489,-1.6135184906858386,211.89380280026046,208.38583267937565,204.86637144293024
1730529801.235983,208.29978942871094,1709.6180419921875,6.926568377397245,-1.6400041603588948,211.89305385451405,208.3906073953748,204.87223574376105
1730529801.33599,208.232666015625,1708.936279296875,6.863737932730181,-1.6687247548187454,211.8925328669792,208.39295465527618,204.87516789417646
1730529801.4359946,208.15435791015625,1708.25390625,6.837331817686139,-1.6882617045755666,211.89201187944434,208.39530191517758,204.87871733717304
1730529801.555978,208.02027893066406,1707.3310546875,7.09205773254067,-1.7102466320063885,211.8994096927887,208.4002713327949,204.88244381333186
1730529801.6559806,207.901611328125,1706.6348876953125,7.026313887646093,-1.7332377016970428,211.905450660773,208.4052407504122,204.88629275621736
1730529801.7559817,207.77630615234375,1705.94775390625,6.963721384237894,-1.7482920187070425,211.90749975577046,208.40772545922084,204.88827846102345
1730529801.875977,207.63978576660156,1705.261474609375,7.062954815878878,-1.7564609990347517,211.90954885076792,208.41019648525628,204.89026416582954
1730529801.9759777,207.46372985839844,1704.435791015625,7.156153689551313,-1.7656867216830041,211.91364704076284,208.41513853732715,204.89732343833396
1730529802.0759783,207.31304931640625,1703.7490234375,7.092466633040117,-1.7694918462485094,211.91513202556428,208.4176092031189,204.90085307458617
1730529802.195976,207.134521484375,1702.9547119140625,7.016406115600259,-1.7715467413456145,211.91849806184473,208.4225505347024,204.90810541297583
1730529802.295983,207.00442504882812,1702.3824462890625,6.96576209469231,-1.772259935885538,211.92037911332375,208.42508717160774,204.91173158217066
1730529802.415986,206.79649353027344,1701.4482421875,7.2508198957204915,-1.7653341191546776,211.92689701835513,208.43016044541844,204.91906130729376
1730529802.535989,206.62274169921875,1700.627197265625,7.1687532803303995,-1.7444730457038689,211.93341492338652,208.43523371922913,204.92659235987207
1730529802.6559823,206.43519592285156,1699.6912841796875,7.23708391457213,-1.7273776820344324,211.93667387590222,208.43767895522808,204.92863173029377
1730529802.7759788,206.28939819335938,1698.8497314453125,7.317941975855474,-1.703965832891546,211.94408327721976,208.44256942722598,204.93271047113717
1730529802.8759866,206.17388916015625,1698.1259765625,7.25518389998806,-1.68474686456888,211.9478688921174,208.44740613914462,204.93721549624183
1730529802.9959786,206.05575561523438,1697.306396484375,7.17835910019061,-1.6738433504338777,211.95508742508412,208.4497976150643,204.93925988992487
1730529803.095979,205.9770050048828,1696.693359375,7.346240919645058,-1.6678011705527056,211.95850677149554,208.452189090984,204.9413042836079
1730529803.19598,205.88052368164062,1695.83544921875,7.475585286707931,-1.6497502646841486,211.9651192845762,208.45696676235423,204.94591518595053
1730529803.295982,205.8024139404297,1695.093994140625,7.412351725771335,-1.6371753506490125,211.97150561791466,208.46173915325528,204.95077120698772
1730529803.395982,205.7332763671875,1694.3626708984375,7.348221992820656,-1.6309749789990902,211.9746987845839,208.4642114425684,204.9533217768536
1730529803.5159833,205.66387939453125,1693.490478515625,7.510478727586938,-1.620050159575367,211.98108511792236,208.47034823184788,204.9584229165854
1730529803.6159842,205.60986328125,1692.745361328125,7.447496732407014,-1.6086417100976858,211.9842782845916,208.47401273181424,204.96130667447505
1730529803.7159915,205.56155395507812,1692.0042724609375,7.383280161899098,-1.602609117596438,211.9907757798493,208.48134173174697,204.96707419025438
1730529803.8359842,205.51849365234375,1691.12939453125,7.600421268843592,-1.589057888705679,211.99387442362809,208.4886707316797,204.9723804564096
1730529803.9359856,205.48863220214844,1690.377197265625,7.5374331290038326,-1.5733207371921827,212.0019130312245,208.49225600661703,204.97480296467518
1730529804.05598,205.45945739746094,1689.3807373046875,7.447244076578548,-1.5629157668132432,212.01011947676318,208.4994265564917,204.9794733202831
1730529804.15598,205.4459228515625,1688.6370849609375,7.383001435694208,-1.5595916091406063,212.01354474332948,208.503289896997,204.9841242506534
1730529804.2759783,205.43939208984375,1687.7703857421875,7.468246869591075,-1.5515701679372875,212.02046447579278,208.51108747750595,204.985562930578
1730529804.395981,205.44705200195312,1686.9053955078125,7.465976573866116,-1.5265002346997176,212.02606962386574,208.5189559575133,204.9884402904272
1730529804.495986,205.45880126953125,1686.28076171875,7.415719664830266,-1.5081340105580952,212.02885558640696,208.52289019751697,204.9900824994579
1730529804.6159813,205.49264526367188,1685.29541015625,7.325610282785277,-1.4931840894628263,212.03598558444787,208.53067439500262,204.99336691751932
1730529804.7159817,205.53411865234375,1684.551025390625,7.533546045221361,-1.4829415719103816,212.04311558248878,208.53837430996657,204.99508123123064
1730529804.815984,205.5872344970703,1683.79443359375,7.554043902904331,-1.465509584679159,212.04649471761127,208.54222426744855,204.9959383880863
1730529804.9359555,205.65530395507812,1682.9276123046875,7.477373414827855,-1.4528164262916232,212.05305049889023,208.54988672361446,204.99778826378395
1730529805.035987,205.72384643554688,1682.180419921875,7.446229885653552,-1.4470810425680285,212.0562271450467,208.55371795169742,204.99878098262593
1730529805.1359925,205.80511474609375,1681.42822265625,7.638331802315515,-1.4342179745029457,212.06252893727265,208.5611043874677,205.00045901050873
1730529805.2559834,205.927001953125,1680.4254150390625,7.54739575037177,-1.4077978185927058,212.06918089103397,208.568490823238,205.00182962859037
1730529805.3759816,206.0443572998047,1679.5582275390625,7.482718623662582,-1.3958562042647904,212.0755774006193,208.57647119997512,205.00482349551874
1730529805.4959826,206.17608642578125,1678.6956787109375,7.615152059963183,-1.3871695054211701,212.07877565541196,208.58046138834368,205.00632042898292
1730529805.615988,206.32757568359375,1677.802734375,7.6785552513967055,-1.3677401473723878,212.08664018674483,208.58821330046283,205.0113370552259
1730529805.735984,206.48428344726562,1676.923828125,7.601622077403101,-1.3550981216777818,212.0945429213374,208.59508645842493,205.0171905417336
1730529805.8359888,206.6247100830078,1676.18701171875,7.536947421949584,-1.350165414706737,212.0979178970864,208.59819789263645,205.0201845974533
1730529805.93601,206.77114868164062,1675.4462890625,7.472409984760045,-1.3477355465281489,212.10466784858443,208.6044207610595,205.02617270889266
1730529806.0559804,206.9672393798828,1674.4713134765625,7.596174345237717,-1.346942457155523,212.11141780008245,208.61064362948252,205.03195684810828
1730529806.155991,207.1129150390625,1673.72509765625,7.613700243417004,-1.355169494394996,212.11479277583146,208.6137666364766,205.0348489177161
1730529806.2759807,207.28109741210938,1672.85546875,7.549343802823942,-1.366096976979809,212.12154272732948,208.6200126504648,205.0406330569317
1730529806.3959777,207.4400634765625,1671.999755859375,7.505884660525715,-1.3708885364130796,212.12829820676882,208.62625915191416,205.04662899019195
1730529806.5159817,207.59622192382812,1671.10205078125,7.779525957562578,-1.3791949358530369,212.13448560089546,208.63250565336352,205.05239833406813
1730529806.615988,207.7198028564453,1670.33984375,7.738325747324856,-1.395603203961233,212.13747523446057,208.63541103089824,205.0551697113142
1730529806.7359846,207.85733032226562,1669.4541015625,7.661709801165182,-1.4079442924526602,212.14345697637668,208.64157800123166,205.06137243466696
1730529806.8359904,207.966552734375,1668.687255859375,7.8051615921004505,-1.4138431942671856,212.14655050019712,208.64483959403037,205.06416385321427
1730529806.9559815,208.0959014892578,1667.64306640625,7.90156354408367,-1.434588686526685,212.1548653823254,208.65412029579375,205.07302667094098
1730529807.0759892,208.19631958007812,1666.7310791015625,7.83800868808756,-1.457542471962078,212.15697778036395,208.65712985027608,205.0758181372596
1730529807.1959794,208.280517578125,1665.822509765625,7.962161424659923,-1.4711847809621177,212.16118647831934,208.66314895924074,205.081202221073
1730529807.2959933,208.33848571777344,1665.017333984375,8.033410656374379,-1.4875472426995648,212.16539517627473,208.66920318740495,205.08677765170728
1730529807.4159935,208.39698791503906,1664.0830078125,7.956794460595609,-1.499623612978638,212.16960156355697,208.67525741556915,205.09254442916244
1730529807.5359962,208.44329833984375,1663.160888671875,7.879678957863961,-1.5048519308306816,212.17170663836566,208.67857246880112,205.09542781789003
1730529807.6360009,208.47732543945312,1662.379150390625,7.815677582712172,-1.506878063788014,212.17698739036553,208.68520257526507,205.10138927873015
1730529807.7559826,208.50921630859375,1661.5947265625,7.751786899549012,-1.5078698249779592,212.18378487627274,208.6873683475062,205.10736875317286
1730529807.8759797,208.54901123046875,1660.578857421875,7.662541884801651,-1.5084418719801083,212.19092312851672,208.6858206525062,205.11336624121816
1730529807.995979,208.58816528320312,1659.5682373046875,7.586152567292319,-1.508667708040547,212.1949108730396,208.6838336610831,205.11886440517344
1730529808.095987,208.62063598632812,1658.8026123046875,7.728724448660644,-1.5052892218816725,212.19653000466735,208.68262051716,205.12161348715108
1730529808.2159839,208.67269897460938,1657.865234375,7.89493215971119,-1.4830981657824784,212.20051601596583,208.68038623085158,205.12669496550473
1730529808.315991,208.72645568847656,1657.0936279296875,7.916948628400657,-1.4581097252742647,212.20548549605303,208.678343946081,205.13197828574823
1730529808.4359899,208.82199096679688,1656.1553955078125,8.1189990573785,-1.4176302093372783,212.2083551527952,208.6773228036957,205.13730604491786
1730529808.5559874,208.953857421875,1655.2257080078125,8.033150933282016,-1.3654407740872136,212.21409446627956,208.67538675178196,205.13996992450268
1730529808.67599,209.14251708984375,1654.17919921875,7.960079817620175,-1.3226448406340763,212.22031581312274,208.6735569327251,205.14346676757475
1730529808.7959754,209.33834838867188,1653.2821044921875,7.881254635794733,-1.3056533402471526,212.2266208982959,208.67124153304542,205.14715435539767
1730529808.8959885,209.5216064453125,1652.5220947265625,7.816411008761273,-1.2987722646226059,212.23268789005044,208.6690360648397,205.15103268797145
1730529809.0159862,209.74594116210938,1651.6341552734375,7.739133779543929,-1.2949911085069112,212.23834976800174,208.66694052810794,205.15500041394728
1730529809.1359928,209.96995544433594,1650.765869140625,7.662122389718786,-1.2933713739319253,212.24097815007576,208.66589275974206,205.1569842769352
1730529809.2559872,210.22384643554688,1649.7889404296875,7.572410584332275,-1.2925910677325319,212.2462349142238,208.66366069121295,205.1612267493599
1730529809.3759854,210.4467315673828,1648.93115234375,7.602237778967508,-1.2924792149667488,212.2525391429392,208.6612920908865,205.16642983972474
1730529809.4959822,210.6673583984375,1648.0552978515625,7.867387222237931,-1.3015771058826773,212.2596048207057,208.65928999591915,205.1706990225149
1730529809.6159844,210.87966918945312,1647.1566162109375,7.804366620772336,-1.3289735766485404,212.26581560678278,208.6613592337212,205.17386924140885
1730529809.7159905,211.04754638671875,1646.3785400390625,7.992744240085813,-1.356587893991572,212.26870743792563,208.66424626632738,205.1767209265622
1730529809.8359933,211.21578979492188,1645.46875,7.935144370771719,-1.3949214347221726,212.27449110021132,208.67136465099225,205.18242429686893
1730529809.955981,211.37994384765625,1644.434814453125,7.849268082758398,-1.421450247604888,212.28027476249702,208.67982735510964,205.18812766717565
1730529810.0759792,211.50216674804688,1643.517822265625,7.930231607461362,-1.4322807911260222,212.28557833725733,208.6879965186979,205.19383103748237
1730529810.1959786,211.60818481445312,1642.5963134765625,7.9910344233482515,-1.4412567092640254,212.29083767509917,208.69616568228616,205.19979639567237
1730529810.3159862,211.70863342285156,1641.66796875,7.912801847197152,-1.4454069795068047,212.29300113491286,208.70427374544192,205.20277907476736
1730529810.4360006,211.80206298828125,1640.7578125,7.8683480027840105,-1.4472104721970065,212.29732805454023,208.7083277770198,205.20642971739687
1730529810.5559812,211.90150451660156,1639.6895751953125,8.13190462058422,-1.4585752458328105,212.3016549741676,208.71647858455026,205.2095155670071
1730529810.6759799,211.98106384277344,1638.7469482421875,8.067830028132851,-1.476807779287711,212.30512485926283,208.7246721364554,205.212036623598
1730529810.7759814,212.04141235351562,1637.948486328125,8.002621492551103,-1.4848947342538459,212.3083757717102,208.73275208907285,205.2173990867458
1730529810.8959873,212.10154724121094,1637.0286865234375,7.924439359011143,-1.489242078417291,212.31193582348442,208.74071844240257,205.22646183952895
1730529811.015984,212.1563262939453,1636.1064453125,7.846519064732237,-1.491127063836849,212.31553818590442,208.74893448425314,205.23514215925832
1730529811.1359897,212.207763671875,1635.1978759765625,7.768830802032656,-1.491922283738347,212.31801071472478,208.75316734943885,205.239482319123
1730529811.236009,212.25772094726562,1634.294677734375,7.691411497660961,-1.4922637009900948,212.3229557723655,208.76143388441778,205.24603634850928
1730529811.3559792,212.3056640625,1633.395263671875,7.877959789777284,-1.4939143282337262,212.32790083000623,208.76950122400422,205.25259037789556
1730529811.4759805,212.3480224609375,1632.46484375,7.950112095043701,-1.506620802426712,212.3330670008022,208.77753243838276,205.2592111773148
1730529811.5959783,212.3867950439453,1631.5523681640625,7.873074525370546,-1.515524815215283,212.33853904235207,208.78552752755343,205.265898746767
1730529811.6959848,212.4138946533203,1630.769775390625,7.808908447150232,-1.519061493142908,212.34131744192632,208.78952507213876,205.2692864757338
1730529811.8159957,212.44085693359375,1629.861083984375,7.732259241114092,-1.5209512722524285,212.34492478687775,208.79797466407354,205.27687463143923
1730529811.9359972,212.46485900878906,1628.9605712890625,7.747612128414051,-1.5221012252111248,212.34806546838126,208.80603209293872,205.2855921576505
1730529812.0559828,212.48240661621094,1627.90966796875,7.905131000255224,-1.535859648034692,212.35396281939143,208.8145332651378,205.2930650648242
1730529812.1759796,212.48675537109375,1626.974609375,8.037344678998455,-1.557573465666544,212.36114651032813,208.82125504398834,205.2988381795809
1730529812.295977,212.4666748046875,1626.0360107421875,8.139499380463258,-1.590940743596365,212.36845449595194,208.82797682283888,205.3042218312968
1730529812.3959787,212.4398193359375,1625.351318359375,8.089620498308044,-1.6132873283032199,212.37210848876384,208.831418311849,205.30691365715472
1730529812.49598,212.37960815429688,1624.4005126953125,8.311145909174698,-1.6346368254979489,212.37941647438765,208.83830128986926,205.31161389680676
1730529812.59599,212.30184936523438,1623.559814453125,8.37208917088828,-1.6581365589568082,212.3854375396296,208.8452011801204,205.3163141364588
1730529812.7159817,212.19667053222656,1622.58837890625,8.295120915705509,-1.6766625727638353,212.39000590493185,208.8521179826024,205.32098641930872
1730529812.815987,212.0943603515625,1621.771728515625,8.229618672377386,-1.684041126880009,212.3924605268552,208.85560965774448,205.3233225607337
1730529812.9159887,211.98451232910156,1620.961669921875,8.164515617421632,-1.6877818029471343,212.39712790242208,208.86259300802863,205.3279867958122
1730529813.035984,211.84280395507812,1620.004638671875,8.376516932504364,-1.6987854519391237,212.4015534097092,208.86957635831277,205.33289458594209
1730529813.1559813,211.6626739501953,1618.903076171875,8.3573047417919,-1.7272716882230472,212.41028877133465,208.87670016109382,205.33804593112336
1730529813.2759788,211.49295043945312,1617.9454345703125,8.291965058759564,-1.7421054954947885,212.41936553287837,208.88372811806983,205.34179390852762
1730529813.3759806,211.33636474609375,1617.1319580078125,8.226572548764572,-1.7479889509749915,212.42791056795,208.89066022924078,205.34284594172198
1730529813.4959805,211.15054321289062,1616.20947265625,8.148441439778665,-1.7511037841859485,212.430991799715,208.89412628482626,205.3435032219097
1730529813.5959883,210.98687744140625,1615.41455078125,8.083453812740194,-1.7523352298740011,212.43715426324502,208.9010546585131,205.3448177822852
1730529813.71598,210.795166015625,1614.493408203125,8.00575066821277,-1.7530004875143028,212.44331672677504,208.9079792947158,205.34820180669362
1730529813.815983,210.6327667236328,1613.70849609375,7.970879552342809,-1.751390340319241,212.44639795854005,208.91144161281716,205.34989381889784
1730529813.916008,210.47653198242188,1612.91064453125,8.167077601556468,-1.7366667879166289,212.45256042207006,208.91838342383278,205.35327784330627
1730529814.0359912,210.31028747558594,1611.97998046875,8.103588414552606,-1.7028718063157413,212.45872288560008,208.9253424096613,205.3566618677147
1730529814.1559842,210.14268493652344,1610.9228515625,8.015556535090381,-1.6746146018855645,212.4602961230289,208.93185590490896,205.36004589212314
1730529814.2759814,210.01881408691406,1609.9979248046875,7.950549272618298,-1.6639395869720908,212.46186936045774,208.9383694001566,205.362447315213
1730529814.3959827,209.91062927246094,1609.091552734375,7.8731556750727165,-1.6593307203896,212.46621378921418,208.9464185608996,205.36386613698426
1730529814.515986,209.81072998046875,1608.147216796875,8.044704691697124,-1.6485635601024096,212.47119021526942,208.9546816509186,205.36895667022463
1730529814.6360037,209.7105255126953,1607.0958251953125,7.980852103875817,-1.6280982323895863,212.47644284788396,208.9631586702136,205.37898269357197
1730529814.7559876,209.63279724121094,1606.17919921875,7.903663978322049,-1.6194839715276161,212.47891980779013,208.9673971798611,205.39399147793597
1730529814.8759778,209.56690979003906,1605.2567138671875,7.837434121737561,-1.6117618696308225,212.48384600899203,208.9758181114364,205.40149587011797
1730529814.975978,209.517333984375,1604.4871826171875,7.772355652826033,-1.6029302948239017,212.4887055331592,208.9842390430117,205.4149519065818
1730529815.0759811,209.47030639648438,1603.6910400390625,7.696074578374969,-1.5983320808857708,212.49195875035366,208.98995874467073,205.42295874044066
1730529815.1759932,209.4305877685547,1602.946044921875,7.645434675728102,-1.596256413132163,212.49757184942723,208.9977743397643,205.43118230279913
1730529815.2959793,209.38690185546875,1602.068603515625,7.569723864185604,-1.5951176454500453,212.50058884716293,209.00185869464258,205.43371723776647
1730529815.415985,209.3446807861328,1601.185302734375,7.494092558872397,-1.5946169711651104,212.50686718259237,209.01002740439912,205.43878710770116
1730529815.5159895,209.309814453125,1600.443359375,7.431209572218436,-1.5944167014511363,212.51314551802182,209.01831275588154,205.44385697763585
1730529815.615992,209.2783660888672,1599.681396484375,7.636661143389855,-1.5890174086571098,212.5159133143361,209.02251375248568,205.44915654844056
1730529815.7359877,209.248291015625,1598.792724609375,7.644651785308279,-1.5718639880759093,212.52144890696468,209.03091574569396,205.45975569004997
1730529815.835988,209.2262420654297,1598.023681640625,7.7325088282913805,-1.5625690232393146,212.5242341350728,209.0351580792177,205.46254008299013
1730529815.9359882,209.21145629882812,1597.2393798828125,7.87080128793321,-1.5578994365839698,212.53050163821,209.04364274626516,205.46810886887044
1730529816.0359893,209.20147705078125,1596.458740234375,7.807520125465485,-1.5556330864963124,212.5367117067807,209.05191520400047,205.47239327082514
1730529816.1559803,209.1919708251953,1595.4263916015625,7.718821110337855,-1.5543233438722113,212.54367918441596,209.0599754524236,205.4774261628943
1730529816.2559805,209.18563842773438,1594.6484375,7.861421601074176,-1.554519352528441,212.5471629232336,209.06400557663517,205.4803168539861
1730529816.3759804,209.1698455810547,1593.712158203125,8.069598756429974,-1.567549134477763,212.55413040086887,209.06856624775912,205.4860982361697
1730529816.4960341,209.13809204101562,1592.781982421875,8.003076953063132,-1.6002101420864947,212.56109787850414,209.07264031171724,205.49187961835332
1730529816.615995,209.0848846435547,1591.8292236328125,8.177203429534408,-1.632820017002297,212.5680653561394,209.07671437567535,205.49766100053694
1730529816.7359936,208.9940185546875,1590.867919921875,8.277040046633822,-1.67183745750083,212.572201753135,209.0805830667008,205.50344238272055
1730529816.8360102,208.87277221679688,1589.8870849609375,8.203491697338206,-1.7045288251459887,212.57635179882584,209.08424638479357,205.5082749076155
1730529816.9559834,208.7310028076172,1588.96044921875,8.367706400438726,-1.7212316388707476,212.57843364601888,209.08790970288635,205.51273638571774
1730529817.07598,208.55262756347656,1587.9896240234375,8.478988728061431,-1.7446860985910753,212.5857682853515,209.0899117880689,205.51478160137253
1730529817.195979,208.36184692382812,1587.0345458984375,8.403717905277391,-1.7638432815764513,212.59386346885333,209.09391595843397,205.51748821040064
1730529817.2959816,208.18621826171875,1586.2191162109375,8.339369436664008,-1.771760859497257,212.60108550923962,209.09792012879905,205.51985142796286
1730529817.4159913,207.97122192382812,1585.26953125,8.262663906207349,-1.7760943552230337,212.60667386234115,209.1016006538049,205.5218712540592
1730529817.5159948,207.78565979003906,1584.46875,8.198880989944499,-1.7777625593298596,212.60946803889192,209.10525997498098,205.52576661514115
1730529817.635988,207.5695037841797,1583.544189453125,8.122358085120789,-1.7786499246050738,212.61505639199345,209.10707903365414,205.5274411371323
1730529817.7559807,207.3241729736328,1582.4989013671875,8.063613975901387,-1.7786829478025907,212.61985827924536,209.11071715100047,205.53079018111464
1730529817.8559933,207.17153930664062,1581.8271484375,8.223098756631204,-1.7715845582330938,212.62508380284953,209.1147406791838,205.53476794592473
1730529817.9759836,206.9419403076172,1580.751220703125,8.26681491906777,-1.7406098642266001,212.6313752571764,209.11876420736712,205.53874571073482
1730529818.0959828,206.75796508789062,1579.815185546875,8.220026229462087,-1.716712787133101,212.63705344846846,209.12278858393245,205.54177039535864
1730529818.2159865,206.59857177734375,1578.84228515625,8.369608274227621,-1.6867138753500124,212.64206532261005,209.12681380887977,205.5438419997962
1730529818.3359914,206.46319580078125,1577.883544921875,8.29450496600327,-1.6601179508078272,212.64670773779983,209.13193117624746,205.54759681010285
1730529818.4359953,206.36444091796875,1577.0679931640625,8.229627081787704,-1.6487233497678142,212.64887074297667,209.13538951279872,205.54947421525617
1730529818.555982,206.25308227539062,1575.96337890625,8.428905339614051,-1.6372573760105869,212.65389941238527,209.14230618590125,205.55539745673457
1730529818.6759803,206.1698455810547,1574.9873046875,8.389802634488085,-1.620990788072383,212.6577813022659,209.1492296070163,205.55668648697235
1730529818.7959774,206.09629821777344,1574.0223388671875,8.31186260294277,-1.6128596246321532,212.66192516228682,209.15615302813137,205.55930057075136
1730529818.915991,206.0326690673828,1573.048583984375,8.315742320022082,-1.6073506096012153,212.6658659322086,209.16311322767353,205.5619506778338
1730529819.0359933,205.98052978515625,1572.07470703125,8.363370384779612,-1.5924049495636905,212.66934164189092,209.1701102056428,205.564745425777
1730529819.1559877,205.92831420898438,1570.969970703125,8.272103082910672,-1.5822252826129717,212.6736202306206,209.17710718361207,205.5675401737202
1730529819.2759798,205.8970947265625,1570.1495361328125,8.206864488441157,-1.5789938029462696,212.6790429138092,209.18396510810578,205.57081949224903
1730529819.3959818,205.861328125,1569.0648193359375,8.128733997567911,-1.577130122815432,212.68566543833037,209.1908230325995,205.57458338136348
1730529819.515988,205.83856201171875,1568.0975341796875,8.288249939926198,-1.5677978737235763,212.69210625815276,209.19770719117878,205.58104013305513
1730529819.6159942,205.82626342773438,1567.272705078125,8.247783848065641,-1.5513949319375604,212.6998043289077,209.20461758384363,205.5904860825127
1730529819.7360017,205.81704711914062,1566.313720703125,8.16974872244608,-1.5456957672047906,212.707662322151,209.21152797650848,205.6008593897585
1730529819.8559878,205.81787109375,1565.2310791015625,8.14273670223515,-1.5430363345402378,212.71360559825644,209.21855685926835,205.61035135296072
1730529819.9759796,205.8217010498047,1564.293701171875,8.02381445711491,-1.542488788620117,212.71954887436186,209.22559811159147,205.6189871972207
1730529820.0959778,205.8258056640625,1563.4967041015625,7.964942468749948,-1.542283192583963,212.72252051241458,209.22912492253465,205.62331773190135
1730529820.1959865,205.83041381835938,1562.578857421875,7.885458500587565,-1.5421649482315638,212.7269514707998,209.23612312739726,205.63183627628314
1730529820.3159914,205.83480834960938,1561.65966796875,7.808182001431265,-1.542112750274198,212.73108318928064,209.24306591523612,205.6402122956854
1730529820.4359927,205.83895874023438,1560.755126953125,7.730697194629672,-1.5420967713076574,212.73705393324587,209.25000870307497,205.64858831508764
1730529820.5559826,205.843994140625,1559.726318359375,7.789126812723235,-1.5417612130103076,212.74465919910756,209.25750219316058,205.65809295854535
1730529820.6759884,205.8580780029297,1558.775634765625,8.0370342744658,-1.5286323614684352,212.7514974060116,209.26491932290776,205.66872622605854
1730529820.7959826,205.8843536376953,1557.86865234375,7.9953675361874765,-1.501041479942996,212.757840568888,209.27265430624573,205.67431808504864
1730529820.9159844,205.92938232421875,1556.927978515625,8.056756067805706,-1.4755976388883791,212.76411992769238,209.2803892895837,205.67925749205358
1730529821.0159876,205.99545288085938,1556.10302734375,8.171382294183518,-1.445483145913981,212.76709169759351,209.28425678125268,205.68140096956347
1730529821.1359854,206.0911865234375,1555.17431640625,8.125286507150202,-1.4138421290027496,212.77290606174324,209.29206059091325,205.68592025376313
1730529821.2359855,206.1990966796875,1554.352294921875,8.326578014719555,-1.393555233082962,212.77872042589297,209.29986440057382,205.69063614203515
1730529821.3559804,206.3699951171875,1553.2630615234375,8.261993484049947,-1.3695063558073284,212.78444661282583,209.30767660492052,205.69531630519964
1730529821.4759865,206.53631591796875,1552.31494140625,8.196604247145622,-1.3600691781685237,212.79019104393774,209.31549455306106,205.69998800983876
1730529821.5959797,206.70945739746094,1551.391357421875,8.118658088398282,-1.3560121185638971,212.79612780929256,209.32331824499545,205.70474364557288
1730529821.6959872,206.86297607421875,1550.594482421875,8.053917953686028,-1.354396112414437,212.7981616100867,209.32723009096264,205.70716342898743
1730529821.7960021,207.0152587890625,1549.812744140625,7.989356879605976,-1.3536179367439158,212.80155575938238,209.3349708669009,205.71132986679584
1730529821.9159772,207.19529724121094,1548.8929443359375,7.912022026955589,-1.3531934288661571,212.80499927981737,209.34262872684303,205.71562959775838
1730529822.0159783,207.34561157226562,1548.12646484375,7.847679952035153,-1.3530347044651885,212.80674572560451,209.34659732833723,205.71784610981672
1730529822.1159892,207.49655151367188,1547.3572998046875,7.783471420425239,-1.3529601359546661,212.8121489866228,209.3545345313256,205.72133705501983
1730529822.235989,207.67105102539062,1546.4686279296875,7.798250425019918,-1.352985169668913,212.81485061713192,209.3585031328198,205.72469637550887
1730529822.3559833,207.8688201904297,1545.4229736328125,8.065985783893964,-1.3633619105402977,212.8233414701731,209.37005033804905,205.72792407128384
1730529822.475979,208.0356903076172,1544.5030517578125,8.002423083383507,-1.3810122769809068,212.82734922864438,209.37383963991658,205.72953791917132
1730529822.57598,208.17047119140625,1543.722900390625,7.9379559445600725,-1.3888595474489343,212.83536474558696,209.37956645006102,205.73281087941507
1730529822.6759806,208.2979736328125,1542.940673828125,7.873756647053889,-1.3927232615584213,212.8441480319202,209.38249127273923,205.7361291041276
1730529822.795978,208.44032287597656,1542.0206298828125,8.109093751307746,-1.397317214438808,212.8468039768619,209.38347858714053,205.73766337677012
1730529822.8959794,208.55740356445312,1541.2078857421875,8.230389403485576,-1.4099139663948828,212.85154264464097,209.38545321594313,205.7408455177108
1730529822.99598,208.67098999023438,1540.3984375,8.166856316764298,-1.4189756383199863,212.85570809031572,209.38745474216603,205.74414125430712
1730529823.115992,208.7921142578125,1539.43359375,8.330100674958826,-1.4306754376209223,212.85769073786025,209.38948316580922,205.7474692359424
1730529823.2359893,208.89190673828125,1538.4744873046875,8.26163847456413,-1.4592069476433775,212.85872065648607,209.39151158945242,205.7511417601421
1730529823.3559837,208.9857635498047,1537.385498046875,8.173161965846457,-1.4889981328614397,212.8610483675153,209.39358397268938,205.75515882690627
1730529823.475996,209.0467071533203,1536.4373779296875,8.108235164881165,-1.500600460466479,212.86354320746364,209.39565635592635,205.75967604366008
1730529823.5959795,209.0929718017578,1535.503173828125,8.030996829793644,-1.5056380959844728,212.86484582346736,209.39669254754483,205.76193465203698
1730529823.7159865,209.13275146484375,1534.567626953125,7.95402707464846,-1.5078309428260444,212.87158363714104,209.39896972917666,205.76817923287706
1730529823.836002,209.16912841796875,1533.645751953125,7.877171552948158,-1.5087673102653159,212.87832145081472,209.40101710012777,205.77422889689876
1730529823.9559813,209.20404052734375,1532.732177734375,7.800428453088761,-1.509177437073188,212.88523527644622,209.40283466039818,205.78052287798243
1730529824.0559814,209.238037109375,1531.834716796875,7.723786410404299,-1.5093601299239676,212.89268807672,209.40476147278105,205.78706117612808
1730529824.1759772,209.2672576904297,1531.0635986328125,7.659969335140321,-1.5094341658022719,212.8965959581991,209.4057795050287,205.79048311544898
1730529824.295979,209.30569458007812,1530.0546875,7.583460825775379,-1.5094730479541871,212.90300055913735,209.40781556952402,205.79623104156929
1730529824.4159808,209.33941650390625,1529.1717529296875,7.506979517350506,-1.509477841644149,212.90909062086985,209.41000629160828,205.8008830151681
1730529824.535986,209.37255859375,1528.3023681640625,7.430630234308956,-1.5094687868964427,212.915071676058,209.41277240906993,205.8058547423061
1730529824.6559813,209.40975952148438,1527.3212890625,7.3417043717637265,-1.5094538731943383,212.92059723017474,209.41601775489016,205.81064104784582
1730529824.7759829,209.44708251953125,1526.4564208984375,7.4284511269769755,-1.5033419184926067,212.92635873177028,209.4192631007104,205.8153368703322
1730529824.8959794,209.49411010742188,1525.590087890625,7.493912593127219,-1.4821980173340314,212.92923948256805,209.4208857736205,205.8176847815754
1730529825.015984,209.54864501953125,1524.7169189453125,7.4186693631659075,-1.466426244726364,212.93481315447832,209.42478595075863,205.8219004163285
1730529825.1159887,209.6122589111328,1523.9605712890625,7.62066338260676,-1.4519285283841907,212.9403868263886,209.42845122881613,205.8254521757832
1730529825.2159889,209.6759033203125,1523.3349609375,7.652436941815485,-1.4333396639754379,212.9432730191637,209.43016641830457,205.82722805551055
1730529825.3359847,209.792236328125,1522.321044921875,7.59703434084092,-1.4107747000591964,212.94904540471396,209.43359679728144,205.83081656355637
1730529825.4359863,209.9036865234375,1521.53955078125,7.815545172304508,-1.3920185891339862,212.95163403441336,209.43541075600513,205.83261081757928
1730529825.5559814,210.07522583007812,1520.5191650390625,7.8633301835603,-1.3558496657374022,212.95681129381217,209.4390386734525,205.8361993256251
1730529825.6559815,210.218994140625,1519.7493896484375,7.799732881738762,-1.337728452416067,212.96237457553468,209.44266659089988,205.84060033748597
1730529825.775977,210.40335083007812,1518.85986328125,7.734768913694191,-1.3276505182189893,212.9671233011578,209.4461197841564,205.84545317836614
1730529825.8759775,210.5688018798828,1518.108642578125,7.669920926340794,-1.323712768231198,212.96988850345463,209.44784638078465,205.8481163858321
1730529825.9759786,210.7360076904297,1517.36865234375,7.604931597763157,-1.3218203259605876,212.97494901155767,209.45145204636117,205.85344280076401
1730529826.0759811,210.90484619140625,1516.6304931640625,7.539905553332744,-1.3209057964422544,212.97721606842458,209.45325487914943,205.856108610207
1730529826.1959946,211.09893798828125,1515.7861328125,7.461621116558207,-1.3204312211360023,212.9817501821584,209.45686260247658,205.86144022909298
1730529826.3159811,211.2947998046875,1514.936279296875,7.383173686850239,-1.3202309514220285,212.9869691304841,209.46047032580373,205.86755399703975
1730529826.415982,211.45912170410156,1514.2237548828125,7.317792139788654,-1.3201617092336864,212.9892677313045,209.46221948547532,205.87061088101314
1730529826.5159862,211.62478637695312,1513.5057373046875,7.41018836113785,-1.3201345449905675,212.99156633212488,209.4639686451469,205.87366776498652
1730529826.6159875,211.79391479492188,1512.7650146484375,7.646284910712043,-1.322262943333759,212.99616353376564,209.4674669644901,205.87973252334996
1730529826.715994,211.9595489501953,1512.001953125,7.8575667897190185,-1.3368101944722077,212.99846213458602,209.4694726985034,205.88574827213006
1730529826.8359966,212.11309814453125,1511.2392578125,7.864835575560945,-1.3647174595351481,213.00299835640965,209.47348416653006,205.88911381010314
1730529826.955981,212.32489013671875,1510.073486328125,7.962677350310048,-1.3982764850634544,213.0072285657676,209.47728781282876,205.8958448860493
1730529827.0559826,212.4427032470703,1509.281494140625,8.030762452201559,-1.4172909226144021,213.00963483314774,209.4811208311096,205.90131702837937
1730529827.1759796,212.56588745117188,1508.3521728515625,7.96503117381693,-1.4346542002895009,213.01232273486232,209.48521862797634,205.90632489175084
1730529827.2759802,212.6593017578125,1507.556884765625,8.04239671061678,-1.4418665731536533,213.01394265279657,209.48744071911733,205.909262879999
1730529827.375981,212.73867797851562,1506.7435302734375,8.250886448526057,-1.4553735935703174,213.0211307247149,209.49188490139932,205.91513885649533
1730529827.495977,212.81350708007812,1505.7945556640625,8.225865366024777,-1.4925832803209045,213.02861947361373,209.49580905696894,205.91925497612078
1730529827.5959778,212.8612823486328,1504.97216796875,8.160483541248155,-1.5155791437015207,213.03640889949304,209.49977127875752,205.92337109574623
1730529827.6959808,212.89633178710938,1504.1622314453125,8.087472025996632,-1.5244954070311059,213.03905174224917,209.5017714227613,205.92542915555896
1730529827.815988,212.920654296875,1503.218017578125,8.004876233770112,-1.529375916044785,213.04433742776143,209.50577171076884,205.93042033289169
1730529827.9359837,212.93572998046875,1502.420166015625,7.936784100269714,-1.5312678256831775,213.04869251778894,209.5097719987764,205.9362865679317
1730529828.0359888,212.9503936767578,1501.4991455078125,7.856456763109133,-1.5322803595296257,213.05384213198647,209.51312910315164,205.94101212238297
1730529828.155979,212.96583557128906,1500.4664306640625,7.764552043510365,-1.532400201778679,213.06175725295077,209.517469810668,205.94614041583748
1730529828.2559843,212.9840545654297,1499.67822265625,7.919663753383904,-1.523123879069715,213.06824126745266,209.52149560680414,205.9502902472717
1730529828.3759897,213.01051330566406,1498.760009765625,7.855248484226593,-1.5059219889566755,213.07069353719066,209.5235085048722,205.95236516298883
1730529828.4959736,213.0447540283203,1497.85595703125,7.776509399710743,-1.4974643219668018,213.07583707990057,209.5275543079656,205.95744382672376
1730529828.595975,213.0781707763672,1497.0828857421875,7.709040873699528,-1.4981785817711608,213.08017658509573,209.53162011801624,205.9633286613672
1730529828.6959784,213.11309814453125,1496.3192138671875,7.641948407723669,-1.5042452627343614,213.08210321366948,209.53365302304155,205.9660136639585
1730529828.8159883,213.15264892578125,1495.42822265625,7.564392877254266,-1.5077771469720245,213.085956470817,209.5397430440064,205.97138366914112
1730529828.9359868,213.18807983398438,1494.54736328125,7.4873348754511895,-1.509272245607995,213.08937198859553,209.54785727588546,205.97721207764982
1730529829.035987,213.21627807617188,1493.8060302734375,7.423775203913864,-1.5098352378624378,213.09100068269174,209.551914391825,205.9802034402844
1730529829.1559799,213.25241088867188,1492.829833984375,7.335498179295851,-1.5101542845610292,213.09337069558967,209.56011547596938,205.9861861655536
1730529829.2759821,213.2837371826172,1491.9776611328125,7.272560371687855,-1.510240570980348,213.0964688432731,209.5684034123791,205.99218837887383
1730529829.3959777,213.31475830078125,1491.1396484375,7.197546040304229,-1.5102352446581677,213.09905499402146,209.5766913487888,205.9981321801588
1730529829.5159817,213.34613037109375,1490.3023681640625,7.1220575622406,-1.5102000909317788,213.10034806939564,209.58073178483198,206.00107487478363
1730529829.6159837,213.3728790283203,1489.59521484375,7.059473393186147,-1.5101612087798635,213.10610572494113,209.58881265691832,206.00645838083437
1730529829.7159863,213.39483642578125,1489.01513671875,7.009408933841008,-1.5101281855823465,213.10933470329303,209.5928530929615,206.00915013385975
1730529829.8359883,213.4299774169922,1488.083740234375,6.920903951123963,-1.510142034020015,213.11544200268634,209.60114772810925,206.0133483070141
1730529829.9559793,213.4578399658203,1487.169677734375,6.825637947028277,-1.5191126258358378,213.12116161805932,209.60965612631844,206.0163439759216
1730529830.0559845,213.4765167236328,1486.490966796875,6.762228356893589,-1.5284986707817132,213.12426501892162,209.61391032542303,206.0176971027886
1730529830.1759768,213.492431640625,1485.7056884765625,6.6982571608929415,-1.5342319239764357,213.12736841978392,209.62225172430476,206.0190502296556
1730529830.2759771,213.4961395263672,1485.0242919921875,6.857998755532736,-1.5450779138318924,213.13285724924674,209.6263389240819,206.02233650238713
1730529830.3959758,213.48385620117188,1484.22314453125,6.915832309253864,-1.5763402292361146,213.13560166397815,209.63042612385902,206.02426964825167
1730529830.4959784,213.45550537109375,1483.53662109375,6.8360259281591835,-1.6164431741949639,213.14094259418084,209.6386005234133,206.02944401534228
1730529830.6159892,213.3955535888672,1482.738037109375,6.78900197992475,-1.6630117416483075,213.14338647537897,209.6427171936433,206.03203119888758
1730529830.7359908,213.29495239257812,1481.942626953125,6.858175113086144,-1.7160182347208084,213.14879377448335,209.65095053410334,206.0367604555256
1730529830.8559783,213.14431762695312,1481.0509033203125,6.777288959684427,-1.7638512710597214,213.15428207468528,209.65918387456338,206.04121887432768
1730529830.9559827,213.00747680664062,1480.3851318359375,6.877845145311487,-1.7824262870308063,213.15614155767287,209.66285181603655,206.04331266481074
1730529831.0559835,212.84764099121094,1479.6971435546875,7.105501595232443,-1.7922855757023886,213.15800104066045,209.6701876989829,206.04471691654317
1730529831.1759782,212.64996337890625,1478.8995361328125,7.044747333754441,-1.7976766126970358,213.16109143862673,209.67385564045605,206.04752542000801
1730529831.2759788,212.47634887695312,1478.218994140625,6.9834592613404185,-1.7998010162985922,213.16144944777534,209.67752358192922,206.04863259048898
1730529831.3959823,212.27394104003906,1477.4346923828125,7.07346631664529,-1.8008942439260696,213.16141098180822,209.6845499911791,206.0561150607125
1730529831.5159807,212.05897521972656,1476.605224609375,7.34548713263154,-1.8012812012324582,213.16054582867878,209.69157640042897,206.06352954106205
1730529831.6359887,211.84571838378906,1475.781494140625,7.272918508509108,-1.8014484477489152,213.16007715066507,209.6950896050539,206.06720278629984
1730529831.7559807,211.60536193847656,1474.8526611328125,7.187811374758598,-1.8014830688430863,213.16483563664156,209.70226318548703,206.07354297353095
1730529831.8559809,211.4260711669922,1474.140625,7.306237495177598,-1.7949359536192355,213.16959164539082,209.70943676592015,206.07857610358792
1730529831.975999,211.23123168945312,1473.3238525390625,7.2342120950952955,-1.7706870729457371,213.17196841115185,209.7130235561367,206.08094229165158
1730529832.0959878,211.0703887939453,1472.6220703125,7.17497085467977,-1.750988735626857,213.1770520740696,209.7200841119734,206.08552552320145
1730529832.2159815,210.87451171875,1471.6552734375,7.424090020985496,-1.7265020346680144,213.18133603172726,209.72714466781008,206.08995961017388
1730529832.315985,210.74656677246094,1470.9375,7.391645534590598,-1.703398579579359,213.18426412628003,209.73067494572842,206.0921766536601
1730529832.4159853,210.62643432617188,1470.208984375,7.332109533910996,-1.6886910061432874,213.18822542072894,209.73423863931157,206.0943936971463
1730529832.535983,210.50511169433594,1469.34423828125,7.587629720077472,-1.6727929996999504,213.19614800962677,209.74136602647786,206.10149983116423
1730529832.6359854,210.4133758544922,1468.5928955078125,7.556882025112795,-1.654294150136042,213.2009829779422,209.74849341364416,206.1087004303606
1730529832.755982,210.32940673828125,1467.843994140625,7.530154506440554,-1.6433181980193894,213.20185665180873,209.75170749312508,206.11057138170088
1730529832.8759785,210.21682739257812,1466.6878662109375,7.861785561684161,-1.6360701387966297,213.20193998700472,209.7581320212954,206.1143132843814
1730529832.9959779,210.13473510742188,1465.772216796875,7.961943299279759,-1.6338964667149072,213.20628566217795,209.7645529186742,206.11709083383528
1730529833.1159847,210.0513916015625,1464.81640625,8.224781655225124,-1.6329734150810857,213.21063133735117,209.77051219349767,206.12000620370964
1730529833.2159874,209.98143005371094,1463.998046875,8.188345512277186,-1.631817070535773,213.2142791833868,209.77647146832112,206.12349250210298
1730529833.335989,209.90924072265625,1463.0301513671875,8.367191297454555,-1.616254622389786,213.2172386631213,209.78242415582008,206.1274119085948
1730529833.4559824,209.84414672851562,1461.928466796875,8.27867068287191,-1.5828740286545149,213.220535684889,209.78837025599455,206.13069091029172
1730529833.5759778,209.80380249023438,1460.9560546875,8.35358690179461,-1.5659826631245783,213.2234760029903,209.79431635616902,206.13396991198863
1730529833.695977,209.7818145751953,1459.980224609375,8.411317442074933,-1.5584278077442415,213.22641632109162,209.80057268782934,206.1369622031151
1730529833.8159823,209.7694854736328,1458.981689453125,8.575534296823632,-1.5549656983271385,213.23069965158925,209.80682901948967,206.13966778367114
1730529833.935987,209.76199340820312,1457.9755859375,8.576298018685543,-1.553441304919177,213.23417579323836,209.81286657355395,206.14576874299632
1730529834.05598,209.75570678710938,1456.8328857421875,8.72262961312853,-1.5527472851391024,213.23859492288466,209.81868535002218,206.15368486234843
1730529834.175978,209.7504119873047,1455.810546875,8.732893948295972,-1.5525209164464457,213.24336169182493,209.8245041264904,206.16103113656004
1730529834.2959783,209.7447509765625,1454.784423828125,8.904760491615686,-1.5525028069510332,213.2481284607652,209.83086470558078,206.1685340428878
1730529834.4159806,209.73849487304688,1453.7418212890625,8.83057959270477,-1.5525012090543793,213.2520903912275,209.83722528467115,206.17572150400918
1730529834.5159998,209.73301696777344,1452.861328125,8.7685138578883,-1.5525235796075358,213.25512906893778,209.84338901264755,206.18243688780797
1730529834.6359873,209.72677612304688,1451.8427734375,8.694218634985276,-1.5525640596561052,213.2579920477774,209.84935588950998,206.18910157610537
1730529834.7359874,209.72039794921875,1451.1240234375,8.6435804425136,-1.5552139049407339,213.26075293225108,209.85507646522024,206.19623699792123
1730529834.8360138,209.70213317871094,1450.1251220703125,8.558258221044138,-1.5732062212653093,213.26351381672475,209.86069001811597,206.20371908306504
1730529834.95598,209.6727294921875,1448.9873046875,8.471911885582024,-1.5902472564485082,213.26737243753155,209.8663035710117,206.21107709801834
1730529835.0759795,209.63331604003906,1447.9892578125,8.56462674297642,-1.5964407038795965,213.27272748056146,209.87186125078688,206.21724555016863
1730529835.1759825,209.5908966064453,1447.12353515625,8.581735686671918,-1.6005670056725654,213.27826618366862,209.87736305744147,206.2215114645635
1730529835.2759967,209.53802490234375,1446.2711181640625,8.73369080067523,-1.6147142500152845,213.28092802231583,209.88011396076877,206.22352013581497
1730529835.395977,209.46615600585938,1445.258056640625,8.786032769173524,-1.6337862118457775,213.28588208580436,209.88572138855784,206.2275374783179
1730529835.5159936,209.37136840820312,1444.22119140625,8.82718307330088,-1.6528278136398442,213.2905368622039,209.8913288163469,206.23457927799257
1730529835.6359904,209.26287841796875,1443.2088623046875,8.752276961424203,-1.6707104077275083,213.29490353529513,209.89711345780904,206.24188350854058
1730529835.7559807,209.12033081054688,1442.04736328125,8.8398704050242,-1.6804549141561085,213.3026337747001,209.90605624051182,206.25287552671705
1730529835.8559897,208.9969940185547,1441.1690673828125,8.891248036123164,-1.6935235782573452,213.3057571414339,209.91169296160183,206.2602154296195
1730529835.9759812,208.84498596191406,1440.143798828125,8.829250880853516,-1.7081507242284966,213.31422375547243,209.91732968269184,206.2655652994656
1730529836.095977,208.68482971191406,1439.139892578125,8.754374590385636,-1.7146083572397206,213.31805761224757,209.92300134661082,206.26892513625535
1730529836.2159798,208.5156707763672,1438.1319580078125,8.679932236502205,-1.717552215508694,213.322081756265,209.92861191607074,206.2744947571466
1730529836.315983,208.36427307128906,1437.281494140625,8.613389234138287,-1.7256812484200519,213.32393020690654,209.93138665357117,206.27727956759225
1730529836.4359882,208.17828369140625,1436.298583984375,8.532715173759847,-1.7467356673660004,213.3277715653977,209.93693612857203,206.2836797422848
1730529836.5559802,207.9577178955078,1435.1973876953125,8.446340573342896,-1.759963588500424,213.33415946859748,209.94238954409514,206.28894177946256
1730529836.675978,207.75167846679688,1434.23046875,8.413174744281253,-1.7636882856010085,213.34071033514306,209.94631591374446,206.29276710166573
1730529836.7759783,207.5771026611328,1433.395263671875,8.569380314636195,-1.7528220557212675,213.3470224575998,209.94871523752,206.29629384640907
1730529836.8959742,207.3865203857422,1432.42919921875,8.484399859261819,-1.7241579202765267,213.3535844747472,209.95084804955036,206.29955670997788
1730529836.9959836,207.2333526611328,1431.5986328125,8.424019721013572,-1.70605321855395,213.35963970634054,209.95298086158073,206.30281957354669
1730529837.116007,207.08193969726562,1430.627197265625,8.338500023585187,-1.6828437696539094,213.36494551343628,209.95486099567506,206.30712865938074
1730529837.2359846,206.96041870117188,1429.670166015625,8.252644158914466,-1.6479707404437578,213.36759841698415,209.9567411297694,206.30980631343039
1730529837.3359861,206.8728790283203,1428.850830078125,8.191705974672448,-1.6261200363318755,213.37310581979602,209.95768119681657,206.3154916681276
1730529837.4359891,206.8111572265625,1428.041015625,8.119356358276157,-1.6035918240386773,213.37900399517957,209.9595957586689,206.3204478824464
1730529837.5559788,206.75753784179688,1426.9674072265625,8.028952689116933,-1.5695193410522035,213.3848036939237,209.96154474827927,206.32529038839118
1730529837.655987,206.7332305908203,1426.162109375,7.9656215534055725,-1.5558749015232916,213.38751401122624,209.96347103453502,206.330019185962
1730529837.7759783,206.71791076660156,1425.2386474609375,7.900224932686869,-1.5530439612845375,213.39293464583136,209.9644228259856,206.3323974765865
1730529837.8959794,206.71136474609375,1424.330810546875,7.824629097502696,-1.5534040206639161,213.39546967649778,209.96632640888674,206.3371540578355
1730529838.0159855,206.70567321777344,1423.4188232421875,7.749095056641515,-1.5535483639949983,213.3967736817798,209.9682551409619,206.34242571051618
1730529838.1159894,206.70068359375,1422.646484375,7.778270584363383,-1.553605888274544,213.39829332810416,209.97020902221107,206.34772662238038
1730529838.2359939,206.6943359375,1421.721923828125,7.9589724336568395,-1.553710816821493,213.39905315126634,209.97118596283565,206.35039170790424
1730529838.3559792,206.6865997314453,1420.671630859375,7.870784638568455,-1.553762482146641,213.40254734060045,209.97403295549464,206.35546967446032
1730529838.4759836,206.67950439453125,1419.7525634765625,7.808164718073354,-1.5537917769186316,213.40830618936957,209.97498195304763,206.36023359940975
1730529838.59598,206.6742706298828,1418.8560791015625,7.731787900677554,-1.5518620503927603,213.41442643331106,209.97687994815362,206.36493568724416
1730529838.7159848,206.67835998535156,1417.9542236328125,7.645738579999831,-1.5357632416032314,213.4175467253782,209.97908931327572,206.36963257223317
1730529838.8359892,206.68771362304688,1417.067626953125,7.60331141795219,-1.5216564773090815,213.42354244306432,209.98085007663292,206.3733043491692
1730529838.955977,206.72373962402344,1416.031005859375,7.874220699219799,-1.4970957404719345,213.42947768186934,209.98261083999012,206.3770994894992
1730529839.0559795,206.7673797607422,1415.2496337890625,7.811466353735817,-1.4702334998207416,213.43299308043424,209.98349122166871,206.37905874136118
1730529839.1559806,206.82191467285156,1414.4727783203125,7.748488475462326,-1.4526981819392237,213.43843347278528,209.98518569496503,206.38268594693534
1730529839.2559853,206.89378356933594,1413.698974609375,7.826184232468302,-1.43933337432477,213.4403584665714,209.98603293161318,206.3843539006475
1730529839.3759792,206.99903869628906,1412.7802734375,7.901439236721703,-1.4163162056554333,213.44420845414368,209.9877274049095,206.38768980807185
1730529839.4959826,207.11427307128906,1411.879638671875,7.856063123527822,-1.401856306200739,213.44805844171594,209.98952298501945,206.3910257154962
1730529839.5959883,207.23497009277344,1411.0855712890625,8.062623553982998,-1.384379045230985,213.4519084292882,209.9913185651294,206.39436162292054
1730529839.715988,207.39352416992188,1410.150634765625,8.066637425966194,-1.357758619606771,213.4560050727058,209.99273193579256,206.39769753034489
1730529839.815993,207.54052734375,1409.362060546875,8.030957843095885,-1.3428438522378912,213.45855096290165,209.99343862112414,206.39968104130003
1730529839.9359877,207.74078369140625,1408.431884765625,8.186396981304895,-1.317098541347877,213.46387662522636,209.9948519917873,206.4036480632103
1730529840.0359883,207.92617797851562,1407.638427734375,8.123037633243484,-1.2946150701609922,213.46724221807835,209.99681798523443,206.40914646646888
1730529840.1559834,208.18971252441406,1406.59716796875,8.06177865913898,-1.2799282693814233,213.4687347281215,209.99878397868156,206.414866982553
1730529840.2559845,208.33128356933594,1406.06640625,8.18673150932784,-1.2772475314281495,213.46948098314306,209.99976697540512,206.41783829700785
1730529840.3759747,208.64646911621094,1404.869140625,8.268865165530435,-1.2949554221483044,213.47411913678798,210.00145004718263,206.42394687329045
1730529840.475977,208.85134887695312,1404.069580078125,8.2033118190926,-1.312861452053561,213.47965385076452,210.00313311896014,206.43039870750658
1730529840.5759783,209.04379272460938,1403.2572021484375,8.376617698365035,-1.329998893668221,213.48238831932224,210.00394236542263,206.43371327989496
1730529840.6959853,209.241455078125,1402.3092041015625,8.361643794826236,-1.3628995857750599,213.48796039511365,210.00556085834762,206.44029954775021
1730529840.8159893,209.420654296875,1401.3487548828125,8.28611823974406,-1.3914694453172118,213.49366006326238,210.0071793512726,206.44684293868397
1730529840.9359868,209.57443237304688,1400.400146484375,8.237410957129283,-1.405249706061718,213.5006244015109,210.0089542048246,206.45338632961773
1730529841.0559797,209.72496032714844,1399.2933349609375,8.379690055696917,-1.4248042326817338,213.50916609449746,210.0110568061276,206.45878627223362
1730529841.1759803,209.8436737060547,1398.3277587890625,8.34502474862469,-1.4387267062284501,213.51780281614595,210.01313830475544,206.46367606426497
1730529841.2959778,209.94285583496094,1397.344970703125,8.568669088640574,-1.4584143909029699,213.52655330492382,210.01519870070808,206.46805570571178
1730529841.395988,210.00343322753906,1396.6260986328125,8.53907066020244,-1.4794831909188049,213.53514438971695,210.01725909666072,206.47162403921948
1730529841.5159879,210.08242797851562,1395.499267578125,8.450209445139338,-1.5000108366011355,213.54014349042916,210.01923226581437,206.4746978761708
1730529841.6359823,210.13250732421875,1394.5228271484375,8.372947326107452,-1.507459165537869,213.54190672738412,210.021205434968,206.47731282138852
1730529841.7559788,210.17774963378906,1393.4150390625,8.283293309927462,-1.5109420476114748,213.543766475016,210.02339069492325,206.479963371429
1730529841.8559804,210.2075958251953,1392.5924072265625,8.219282371832087,-1.5120350089228434,213.54499356410406,210.0257880456801,206.48280208746542
1730529841.955992,210.23587036132812,1391.77197265625,8.15397049834778,-1.5125756306241294,213.54559074451845,210.0269867210585,206.48422144548363
1730529842.0759811,210.26773071289062,1390.8260498046875,8.091546765988175,-1.5128850899427966,213.54678510534723,210.0291902999902,206.48706016152005
1730529842.1959689,210.299072265625,1389.8946533203125,8.015378234201151,-1.5130251722161348,213.55397270515437,210.03120010709677,206.4903072863042
1730529842.2959764,210.32174682617188,1389.2264404296875,7.964188993262615,-1.5130779028057182,213.55754244484035,210.03220501065005,206.49193084869626
1730529842.395977,210.35520935058594,1388.29541015625,8.084990475641986,-1.5111881236961981,213.56292294707862,210.03433901143603,206.49601177486693
1730529842.4959822,210.39300537109375,1387.46484375,8.205140810665654,-1.4977072022582167,213.56562460046894,210.03659720590144,206.5005014902256
1730529842.615989,210.4406280517578,1386.519287109375,8.127036630238635,-1.4823993523124415,213.56731120203904,210.03885540036686,206.50458857980266
1730529842.7359881,210.52056884765625,1385.4080810546875,8.347907855414235,-1.4593145393514166,213.57198019526777,210.04062389998376,206.50953215310415
1730529842.855985,210.59507751464844,1384.5841064453125,8.283419887209996,-1.4360283914119818,213.5766491884965,210.04278958904365,206.51540810360098
1730529842.9559886,210.6817626953125,1383.762939453125,8.299923987205604,-1.4206161455514752,213.5795427029443,210.0438724335736,206.51838402558485
1730529843.075979,210.83262634277344,1382.653076171875,8.392194752854545,-1.390462237792944,213.58822721616946,210.04722449800875,206.52735829922744
1730529843.1959774,210.98385620117188,1381.697265625,8.343049343201276,-1.3651685990238074,213.59091825685755,210.04835910796135,206.5303574750568
1730529843.315983,211.17181396484375,1380.714599609375,8.559057859268803,-1.3359638418777806,213.62802703058117,210.05062832786655,206.53655709631528
1730529843.4359767,211.419677734375,1379.60595703125,8.491821018152844,-1.2955732755212028,213.69738905782492,210.0536666266787,206.544371716849
1730529843.5359917,211.62222290039062,1378.7886962890625,8.42532754978938,-1.2784342360098888,213.76727764624138,210.05467939294942,206.54672912180126
1730529843.6559846,211.84027099609375,1377.97705078125,8.35844215663805,-1.2697203729231497,213.84016086554755,210.05679829388282,206.54988062755433
1730529843.7759767,212.1434326171875,1376.8958740234375,8.516392397046642,-1.2673672037839554,213.91596424214413,210.05901056320818,206.55310111338088
1730529843.8759778,212.3711395263672,1376.063720703125,8.614516708623684,-1.2826026157480808,213.93874651253054,210.06113496171986,206.5563905792809
1730529843.9959774,212.62142944335938,1375.104736328125,8.528062812047235,-1.3120656995198454,213.96152878291696,210.06317148941787,206.56035162207797
1730529844.095978,212.82418823242188,1374.27001953125,8.643473687476133,-1.3307839935575763,213.96622732314574,210.06418975326687,206.56260863582338
1730529844.1959803,213.00738525390625,1373.415771484375,8.744404116849543,-1.3543178154783886,213.97398480930974,210.06631578167696,206.5671226633142
1730529844.315969,213.20477294921875,1372.41162109375,8.66820191613047,-1.376011393085956,213.9810656846605,210.06853131079913,206.57176158746097
1730529844.4159815,213.3571319580078,1371.555908203125,8.730772909853744,-1.3849713322574186,214.0316148715939,210.0707468399213,206.5762795053348
1730529844.5159914,213.50064086914062,1370.66943359375,8.835041732155958,-1.3943403329723174,214.04337387905446,210.07850653563366,206.58024212353882
1730529844.635995,213.65594482421875,1369.66650390625,8.834920070467334,-1.4010067578130037,214.05055095906482,210.08626623134603,206.58377044834594
1730529844.7559845,213.82498168945312,1368.454345703125,9.065999837773798,-1.4172312678059846,214.05314611162498,210.0941558045049,206.58781233293007
1730529844.8559854,213.9354705810547,1367.557373046875,9.02239533031542,-1.4410734837810277,214.05574126418514,210.1021752551103,206.59352983489407
1730529844.9559886,214.03282165527344,1366.66845703125,8.95824051372066,-1.459355552032204,214.06252933900032,210.11063386649107,206.5999869047132
1730529845.0759768,214.107421875,1365.775634765625,8.885963260764141,-1.4827423674608438,214.0659233764079,210.11486317218146,206.60321543962277
1730529845.1759775,214.16650390625,1364.8931884765625,8.824262996194706,-1.5034186175320008,214.07271145122309,210.1231439359359,206.60818383039305
1730529845.2759795,214.2044219970703,1364.161865234375,8.773542679932188,-1.5128488709519714,214.07949952603826,210.131246852064,206.61315222116332
1730529845.3759837,214.24246215820312,1363.1494140625,8.698285656777712,-1.5194657609963824,214.08638797391575,210.13956002523082,206.61829888436284
1730529845.495976,214.27474975585938,1361.9971923828125,8.623126835389067,-1.522575267885159,214.09337679485554,210.14808345543634,206.62362381999162
1730529845.595977,214.28924560546875,1361.40576171875,8.573058135437613,-1.5233278772092151,214.09655114360726,210.1523451705391,206.6261082754745
1730529845.6959808,214.31507873535156,1360.292236328125,8.498958979790995,-1.524063442302295,214.10289984111068,210.1608564312728,206.63157721482992
1730529845.8159776,214.33436584472656,1359.44677734375,8.436778360222256,-1.5243228341924688,214.10996425406324,210.16961142300556,206.63736692597
1730529845.9159791,214.35678100585938,1358.47216796875,8.363161112143352,-1.524474101742385,214.11694279400695,210.1804832812703,206.6416594214461
1730529846.0159864,214.3730926513672,1357.771240234375,8.314238571679446,-1.5245167123198267,214.11992682499704,210.18560261929008,206.64297178010247
1730529846.1359758,214.39881896972656,1356.6739501953125,8.2287466060131,-1.524503929146594,214.12494542356944,210.19584129532961,206.64559649741523
1730529846.235986,214.41796875,1355.85888671875,8.167851739583684,-1.524461318569153,214.12901455873407,210.20593751953845,206.64843018385102
1730529846.3559875,214.44253540039062,1354.767333984375,8.16732711488682,-1.5253486838443675,214.1330836938987,210.2158912919166,206.65147283940985
1730529846.4759836,214.45338439941406,1353.9384765625,8.333768504088606,-1.5366522047750995,214.13720448745312,210.22584506429473,206.65432581313678
1730529846.5959792,214.45068359375,1352.8406982421875,8.24973125849089,-1.5699896553007118,214.14132528100754,210.23610572426458,206.6569891050318
1730529846.7159803,214.4329833984375,1351.8892822265625,8.175895443219263,-1.5893353900912652,214.14540373956868,210.24636638423442,206.65965239692684
1730529846.8359811,214.3968963623047,1350.930908203125,8.09986492751709,-1.5980923963876636,214.14943986313654,210.2564689673486,206.68017397897586
1730529846.9559884,214.34716796875,1349.89453125,7.436857335616024,-1.6026922082224486,214.15371025947718,210.26641347360714,206.70069556102487
1730529847.0759783,214.31344604492188,1349.20458984375,6.61987901717147,-1.6054784073548893,214.1559625940339,210.2713857267364,206.72152080720707
1730529847.1759832,214.28109741210938,1348.5966796875,5.969719074922026,-1.6074443528715858,214.16046726314732,210.28160511695478,206.73208526236476
1730529847.2959766,214.23388671875,1347.8099365234375,5.889402868627962,-1.608458484614688,214.16263612472721,210.28685225404388,206.74264971752245
1730529847.415978,214.19252014160156,1347.1341552734375,5.814777376069983,-1.6087311923103123,214.1648049863071,210.29128302958884,206.76377862783784
1730529847.5159786,214.15707397460938,1346.556884765625,5.752829075837407,-1.6088302619028632,214.16914270946688,210.29349841736132,206.77419131844522
1730529847.635989,214.1160430908203,1345.8892822265625,5.678324703804564,-1.608889384079063,214.16961250058512,210.29466716276318,206.7846040090526
1730529847.7559836,214.06985473632812,1345.140869140625,5.590581002626175,-1.608931462024286,214.17008229170335,210.29583590816503,206.80542939026736
1730529847.8759787,214.03546142578125,1344.5877685546875,5.529887049706183,-1.608958093635187,214.17102187393982,210.29817339896874,206.81584208087475
1730529847.975995,208.13795471191406,1767.52685546875,0.05399728518306908,-1.5250472140089704,211.59109975211788,208.12400957789532,204.57358315344527
1730529848.0959804,208.13922119140625,1767.461669921875,0.6640818094655646,-1.52536413017869,211.59109975211788,208.12400957789532,204.57358315344527
1730529848.2159853,208.14039611816406,1767.3900146484375,0.6069324212703843,-1.5254855703243972,211.59109975211788,208.12400957789532,204.57358315344527
1730529848.3159893,208.14117431640625,1767.3319091796875,0.5566406104379238,-1.5255329745918007,211.59109975211788,208.12400957789532,204.57358315344527
1730529848.4359827,208.14202880859375,1767.272216796875,0.5013061563974472,-1.5255580083060474,211.59109975211788,208.12400957789532,204.57358315344527
1730529848.5559883,208.14321899414062,1767.2103271484375,0.444926906979869,-1.5255638672604457,211.59109975211788,208.12400957789532,204.57358315344527
1730529848.6559885,208.14413452148438,1767.1751708984375,0.41641272432377285,-1.5255596062027015,211.59109975211788,208.12400957789532,204.57358315344527
