1730525182.4359891,204.91952514648438,1758.87548828125,0.06865062769097409,-1.5557119160645787,211.6411034372436,208.14977295719518,204.62303049661193
1730525182.5359912,204.91943359375,1758.8642578125,0.139574130463659,-1.555712981329015,211.6411034372436,208.14977295719518,204.62303049661193
1730525182.6559842,204.91928100585938,1758.842041015625,0.21076189505708953,-1.5557145792256688,211.6411034372436,208.14977295719518,204.62303049661193
1730525182.7759936,204.91903686523438,1758.810791015625,0.2967602038838322,-1.555716177122323,211.6411034372436,208.14977295719518,204.62303049661193
1730525182.8959947,204.91867065429688,1758.7689208984375,0.3836570980920963,-1.5557177750189768,211.6411034372436,208.14977295719518,204.62303049661193
1730525182.9960115,204.9182891845703,1758.725341796875,0.4569645226861413,-1.555719372915631,211.6411034372436,208.14977295719518,204.62303049661193
1730525183.1159935,204.91769409179688,1758.655517578125,0.5613125608794677,-1.555721503444503,211.6411034372436,208.14977295719518,204.62303049661193
1730525183.2359798,204.91709899902344,1758.5841064453125,0.6526798899749442,-1.555723633973375,211.64229588301816,208.15148746800787,204.62477339661564
1730525183.3559806,204.91636657714844,1758.501708984375,0.7304180312487986,-1.555725764502247,211.64229588301816,208.15148746800787,204.62477339661564
1730525183.455992,204.9156494140625,1758.4227294921875,0.8098152222116753,-1.5557273623989012,211.64229588301816,208.15148746800787,204.62477339661564
1730525183.5759888,204.91473388671875,1758.3203125,0.907567519350246,-1.555728960295555,211.64229588301816,208.15148746800787,204.62477339661564
1730525183.6959903,204.9136962890625,1758.2056884765625,1.008339014498155,-1.5557305581922094,211.64229588301816,208.15148746800787,204.62477339661564
1730525183.8159869,204.912353515625,1758.0616455078125,1.13024995412763,-1.5557321560888633,211.64348832879273,208.15290593022462,204.62641565633282
1730525183.935983,204.91110229492188,1757.921630859375,1.2389813221807657,-1.5557342866177353,211.64348832879273,208.15290593022462,204.62641565633282
1730525184.0359833,204.909912109375,1757.792724609375,1.3329200147660063,-1.5557364171466073,211.64348832879273,208.15290593022462,204.62641565633282
1730525184.1559827,204.908447265625,1757.6295166015625,1.4301811907207715,-1.5557396129399157,211.64488514454126,208.15432439244137,204.62805791605
1730525184.2559829,204.90707397460938,1757.4781494140625,1.5310670459314235,-1.5557422761010056,211.64488514454126,208.15432439244137,204.62805791605
1730525184.375999,204.9053497314453,1757.28955078125,1.6573711759725118,-1.555746004526532,211.64488514454126,208.15432439244137,204.62805791605
1730525184.4959981,204.9034881591797,1757.082275390625,1.789972056752603,-1.5557502655842759,211.6462819602898,208.15574285465811,204.6297001757672
1730525184.615981,204.90127563476562,1756.833740234375,1.9534796140796586,-1.555755591906456,211.6462819602898,208.15574285465811,204.6297001757672
1730525184.7359798,204.89913940429688,1756.5936279296875,2.101978016590525,-1.5557614508608542,211.64952243895948,208.15716131687486,204.6313618683604
1730525184.8359895,204.89756774902344,1756.4149169921875,2.205655044917214,-1.5557651792863803,211.64952243895948,208.15716131687486,204.6313618683604
1730525184.9559817,204.89480590820312,1756.103759765625,2.368762670052842,-1.5557721035052146,211.65276291762916,208.1585797790916,204.63302356095357
1730525185.075989,204.89227294921875,1755.81591796875,2.541712219661891,-1.5557790277240489,211.65276291762916,208.1585797790916,204.63302356095357
1730525185.1959932,204.88949584960938,1755.5029296875,2.725357941330359,-1.555787549839537,211.65600339629884,208.16007572388332,204.63468525354676
1730525185.3159811,204.88613891601562,1755.1207275390625,2.9542881707103112,-1.5557966045872433,211.65924387496852,208.16157166867504,204.63748969657559
1730525185.4159868,204.88369750976562,1754.814697265625,3.1279237500066257,-1.5555276253171453,211.65924387496852,208.16157166867504,204.63748969657559
1730525185.515989,204.8843536376953,1754.48779296875,3.3043969184386923,-1.5493368410471469,211.66099245587372,208.16306761346675,204.6402941396044
1730525185.6359766,204.88551330566406,1754.0877685546875,3.5354354718689063,-1.5367326322400199,211.662625598594,208.16456355825846,204.64309858263323
1730525185.7360356,204.88746643066406,1753.7220458984375,3.739679647810871,-1.5314446595795586,211.662625598594,208.16456355825846,204.64309858263323
1730525185.8559794,204.89657592773438,1753.269775390625,3.9509798904576794,-1.5247819631643984,211.66425874131426,208.16608153825246,204.64590302566205
1730525185.9759984,204.90789794921875,1752.857177734375,4.171844174527564,-1.5139018848469887,211.6654343784977,208.16759951824645,204.64887238113658
1730525186.0959866,204.92625427246094,1752.27197265625,4.49723927441989,-1.5066756635451677,211.66661001568116,208.16911749824044,204.65184173661112
1730525186.215985,204.95420837402344,1751.648193359375,4.820769088078993,-1.4995362612948833,211.66830416481787,208.17068559093718,204.65481109208565
1730525186.3359823,204.9871063232422,1751.0611572265625,5.127895663929589,-1.4833261323717888,211.6713464941978,208.17382177633067,204.66140623451145
1730525186.4559803,205.02500915527344,1750.44482421875,5.384995658941519,-1.4723288749664158,211.67286765888775,208.1753898690274,204.66470380572434
1730525186.5759852,205.07162475585938,1749.794189453125,5.710152739068684,-1.4671666035094062,211.67438882357771,208.17695796172416,204.66653349310525
1730525186.6759875,205.11758422851562,1749.206298828125,5.989178176754824,-1.4649860072088494,211.67612628830227,208.17832197407563,204.66836318048615
1730525186.7759964,205.16769409179688,1748.59130859375,6.267615576039625,-1.4638525658489117,211.679647931584,208.18104999877858,204.6717674397911
1730525186.8959877,205.23095703125,1747.826904296875,6.596884794139196,-1.4635345844147563,211.68363391353762,208.1824735490594,204.67501268989474
1730525187.0159807,205.29803466796875,1746.92431640625,6.956019673088588,-1.4758170833622017,211.69185567305692,208.18532064962108,204.68150319010203
1730525187.1359782,205.35287475585938,1746.0875244140625,7.263835247630231,-1.4961210235129658,211.6978646659412,208.18752434339888,204.688666607747
1730525187.2359903,205.39422607421875,1745.344970703125,7.510597645706306,-1.5064200000805203,211.69963788125983,208.18845754002848,204.69224831656948
1730525187.3559878,205.42596435546875,1744.454345703125,7.737152209987866,-1.5219600776733504,211.7025825082883,208.1903239332877,204.69627462194921
1730525187.4759932,205.43629455566406,1743.54052734375,7.988845245086994,-1.5546418579385848,211.7067129084703,208.19215772350537,204.70030092732895
1730525187.5959969,205.42691040039062,1742.5771484375,8.2470497925382,-1.5869864820098154,211.71312047348624,208.19400004728607,204.70311126704132
1730525187.7159796,205.38064575195312,1741.459228515625,8.521284833823705,-1.6135706886432044,211.71940631539485,208.19585090462976,204.70615234144418
1730525187.8159802,205.3177490234375,1740.5994873046875,8.708157326698279,-1.6412702271411184,211.72508084612457,208.19770176197346,204.70942415053753
1730525187.9359763,205.22283935546875,1739.5682373046875,8.928338824491204,-1.6646921962961472,211.7307553768543,208.19969033708935,204.7156932320621
1730525188.035979,205.12164306640625,1738.669189453125,9.103465769971569,-1.6745107386030513,211.73359264221915,208.2007534835334,204.7188277728244
1730525188.1359844,205.00527954101562,1737.7410888671875,9.271603965355387,-1.6795169488201824,211.74124335443616,208.20287977642147,204.72487720501613
1730525188.2359858,204.88320922851562,1736.81689453125,9.433639200416206,-1.681956937010913,211.7477782467446,208.20493425569725,204.73089265620365
1730525188.335992,204.7703857421875,1735.98095703125,9.5591045103287,-1.6828730644259002,211.7531519414166,208.20698873497304,204.73689544638728
1730525188.4359932,204.64651489257812,1735.021240234375,9.698195068406191,-1.6741826371567536,211.75852563608862,208.20882402856887,204.74197859805224
1730525188.5559788,204.4906463623047,1733.7266845703125,9.90334350561792,-1.651269864402148,211.76364974143905,208.2106593221647,204.74614211119854
1730525188.6559803,204.3828125,1732.732421875,10.046884602092252,-1.6420542617660376,211.768997856071,208.21243784228864,204.75023726393783
1730525188.7559853,204.29116821289062,1731.7225341796875,10.174275105465636,-1.6286660183339914,211.77452150022293,208.21434007956793,204.75426405627013
1730525188.875978,204.2059783935547,1730.5228271484375,10.331602739783348,-1.5978287434397458,211.7829823647685,208.21737901121992,204.75945512228873
1730525188.9759789,204.14932250976562,1729.4873046875,10.449192593872162,-1.5787935332322955,211.78811240853736,208.22471160593489,204.76523046640364
1730525189.075982,204.11788940429688,1728.4346923828125,10.528202295145064,-1.5602392899177135,211.79192035915037,208.23347633018,204.7710340521951
1730525189.1959906,204.11851501464844,1727.205322265625,10.579632898332529,-1.5201539218220588,211.7974376018775,208.2422406388879,204.77581205352362
1730525189.3159883,204.157470703125,1725.9736328125,10.65825053838369,-1.4769483941932673,211.8055921275634,208.25538710194974,204.78227540975752
1730525189.415989,204.22598266601562,1724.908447265625,10.711115325204743,-1.4507721838388783,211.8117016944534,208.2642565759195,204.78723783970042
1730525189.5359957,204.35440063476562,1723.6513671875,10.772631977863599,-1.414798736466306,211.81853826909446,208.27313063480813,204.7930883440166
1730525189.6559815,204.54071044921875,1722.224853515625,10.854539871575653,-1.390232140674761,211.82569576488174,208.2864486005194,204.80277184731563
1730525189.7759814,204.73167419433594,1720.9583740234375,10.914750892324511,-1.387234486551768,211.83379116815127,208.30015446349853,204.81195478065433
1730525189.8959792,204.92141723632812,1719.69873046875,10.967483688383973,-1.4067804910562955,211.8399649296548,208.30924778364295,204.81700975420813
1730525189.99598,205.07717895507812,1718.609619140625,11.023564775372295,-1.4211823335992262,211.84914464364545,208.32282188109707,204.8234974982704
1730525190.1160061,205.22738647460938,1717.3350830078125,11.059448785248943,-1.4498997322657683,211.85590415096942,208.33198068001184,204.82972054168567
1730525190.2359855,205.33743286132812,1716.0400390625,11.090114681149881,-1.4974147871705261,211.8641123018724,208.345718878384,204.83887335785755
1730525190.3559833,205.41171264648438,1714.56494140625,11.142109902895614,-1.536839691315841,211.87233079755924,208.3591775007684,204.84709654603216
1730525190.4559853,205.43165588378906,1713.448486328125,11.17558258591348,-1.5510838747222389,211.8775521039438,208.36814991569133,204.85229908697465
1730525190.575981,205.4234619140625,1712.127685546875,11.203178121514643,-1.5660934506259256,211.88526116245316,208.37855031108245,204.85937035358666
1730525190.6959784,205.3904266357422,1710.811279296875,11.228814699470613,-1.5884485574482687,211.89095558765803,208.38340522327792,204.86403774648238
1730525190.7959836,205.3485870361328,1709.7073974609375,11.252037006157499,-1.5984647063080568,211.89342832738726,208.3882601354734,204.86930359334565
1730525190.9159884,205.28399658203125,1708.4010009765625,11.275000665863194,-1.6040424308951187,211.89201187944434,208.39530191517758,204.87871733717304
1730525191.0359857,205.21023559570312,1707.078125,11.293646077124098,-1.6064376779795362,211.90340156577554,208.40275604160354,204.88430705141127
1730525191.1359932,205.1443634033203,1705.9481201171875,11.306505273158084,-1.6073277064158407,211.90749975577046,208.40772545922084,204.88827846102345
1730525191.2559836,205.0546875,1704.44189453125,11.321022465279354,-1.6078235870108133,211.91364704076284,208.41513853732715,204.89732343833396
1730525191.3759818,204.97509765625,1703.1231689453125,11.330803886703732,-1.6079988230105404,211.91849806184473,208.4225505347024,204.90810541297583
1730525191.495977,204.89466857910156,1701.8033447265625,11.33751496223314,-1.6080893704876031,211.92363806583944,208.4276238085131,204.9153964447322
1730525191.6159906,204.8140869140625,1700.489990234375,11.344216800107198,-1.6081474273993668,211.93341492338652,208.43523371922913,204.92659235987207
1730525191.735994,204.74118041992188,1699.1611328125,11.338481333592728,-1.597190117410345,211.940378576561,208.44012419122703,204.93067110071547
1730525191.855986,204.67669677734375,1697.6466064453125,11.341159182780723,-1.570337464139076,211.95165450701506,208.44740613914462,204.93721549624183
1730525191.9759822,204.64418029785156,1696.326904296875,11.34115101706886,-1.5554834168430498,211.96192611790696,208.4545805669037,204.94360973477922
1730525192.0959792,204.64495849609375,1695.00537109375,11.334137290917921,-1.527587869688906,211.97150561791466,208.46173915325528,204.95077120698772
1730525192.1959853,204.66403198242188,1693.870849609375,11.339125601189185,-1.508796605037307,211.97789195125313,208.46668373188152,204.9558723467195
1730525192.3159971,204.70530700683594,1692.736572265625,11.340707894203135,-1.496238202600929,211.9842782845916,208.47401273181424,204.96130667447505
1730525192.4359899,204.79843139648438,1691.2279052734375,11.334654433139008,-1.464573217239887,211.99387442362809,208.48500623171333,204.96995794814404
1730525192.535991,204.88800048828125,1690.096435546875,11.339974605164972,-1.4473777187134633,212.00669421019688,208.49584128155436,204.97713814247913
1730525192.6559832,205.03440856933594,1688.5986328125,11.346063449789979,-1.4369945862554623,212.01700460956113,208.50715323750228,204.9841242506534
1730525192.7759824,205.1707000732422,1687.2763671875,11.339742501989415,-1.4433696612728941,212.0232836613245,208.51502171750963,204.9870016105026
1730525192.8959801,205.2963409423828,1685.9595947265625,11.34032234713912,-1.4668763189505876,212.03242058542742,208.52682443752065,204.99172470848862
1730525193.0159945,205.40594482421875,1684.647216796875,11.345610966004594,-1.4802235497018466,212.03955058346833,208.5345243524846,204.99422407437498
1730525193.1359928,205.49354553222656,1683.31884765625,11.345427899447726,-1.491687392930202,212.04987385273375,208.5460554955315,204.99679554494196
1730525193.2559948,205.56149291992188,1681.813232421875,11.34071345290964,-1.522219469563524,212.05937804115968,208.55741116958256,204.99977370146792
1730525193.3759804,205.5985107421875,1680.482666015625,11.34582490248348,-1.5391214877378212,212.06918089103397,208.568490823238,205.00182962859037
1730525193.475989,205.60784912109375,1679.3448486328125,11.34503863725992,-1.5501272672586826,212.0755774006193,208.57647119997512,205.00482349551874
1730525193.5759943,205.5976104736328,1678.216796875,11.344425201431948,-1.5699177499512795,212.0827079210784,208.58445157671224,205.00841031197206
1730525193.6959755,205.56976318359375,1676.890380859375,11.348741900232175,-1.5845022853449893,212.0945429213374,208.59508645842493,205.0171905417336
1730525193.7959764,205.52981567382812,1675.741455078125,11.35252802757692,-1.5905945326546547,212.10129287283542,208.60130932684797,205.02317865317298
1730525193.8959792,205.47555541992188,1674.62744140625,11.348620641615605,-1.6028631831644318,212.10804282433344,208.61064362948252,205.03195684810828
1730525194.015985,205.38697814941406,1673.309326171875,11.339026475062932,-1.6352818431139662,212.11816775158047,208.6168896434707,205.0377409873239
1730525194.1359992,205.29196166992188,1672.183349609375,11.344159886636358,-1.6566654287706484,212.12492046704915,208.62313590118947,205.04363102356183
1730525194.2360082,205.15240478515625,1670.856201171875,11.34885009666887,-1.6689628414201985,212.13448560089546,208.63250565336352,205.05239833406813
1730525194.3559792,204.97454833984375,1669.3580322265625,11.350048230174261,-1.6712377136233438,212.14345697637668,208.64157800123166,205.06137243466696
1730525194.4759843,204.82659912109375,1668.03759765625,11.337957246152325,-1.6478956393010176,212.15225470317148,208.6511107413114,205.07023520462235
1730525194.595978,204.69638061523438,1666.723876953125,11.343425539055119,-1.621931949201617,212.15697778036395,208.65712985027608,205.0758181372596
1730525194.6960752,204.61163330078125,1665.5894775390625,11.339763392030722,-1.601900184114259,212.16329082729703,208.66617607332284,205.0838942629797
1730525194.8159938,204.54718017578125,1664.276611328125,11.336897219730895,-1.5707518520046924,212.16749836991585,208.67223030148705,205.08966104043486
1730525194.935998,204.510498046875,1662.94970703125,11.341676138553584,-1.5528309083973308,212.17381171317436,208.6818875220331,205.0984085483101
1730525195.0559824,204.51473999023438,1661.44091796875,11.327713284626387,-1.525234700549712,212.18378487627274,208.6873683475062,205.10736875317286
1730525195.175979,204.55372619628906,1660.11328125,11.332567733015498,-1.4909145435818607,212.19291700077815,208.6850468050062,205.1161153231958
1730525195.2959778,204.62225341796875,1658.796630859375,11.338420274142171,-1.4726846732880505,212.19653000466735,208.68262051716,205.12161348715108
1730525195.4159935,204.72634887695312,1657.48095703125,11.333629549532553,-1.4526518429362565,212.20288289563655,208.67936508846628,205.12933662562648
1730525195.5359929,204.859130859375,1656.157958984375,11.337516185900386,-1.4244958386275026,212.2083551527952,208.6763016613104,205.13464216533305
1730525195.655982,205.03802490234375,1654.6644287109375,11.344275449438305,-1.4090745380192897,212.21720513970115,208.67447184225352,205.14171834603872
1730525195.755983,205.18275451660156,1653.5367431640625,11.338324645401237,-1.4142666368805084,212.2266208982959,208.67124153304542,205.14715435539767
1730525195.875981,205.338623046875,1652.2220458984375,11.32599175744509,-1.4461979383505583,212.23268789005044,208.6690360648397,205.15103268797145
1730525195.9959779,205.4697723388672,1650.907958984375,11.333189639078162,-1.4775215064598521,212.24097815007576,208.66589275974206,205.1569842769352
1730525196.0959826,205.5473175048828,1649.772705078125,11.327235254249418,-1.5043869429043537,212.2462349142238,208.66366069121295,205.1612267493599
1730525196.1959987,205.58709716796875,1648.6461181640625,11.31292984904819,-1.5428360648262636,212.2525391429392,208.66010779072326,205.16642983972474
1730525196.3159819,205.59449768066406,1647.326416015625,11.318774939807165,-1.580122450616245,212.26292377563993,208.65847220111505,205.17228413196187
1730525196.4159834,205.5626678466797,1646.1632080078125,11.320080753720886,-1.600757688006615,212.26870743792563,208.66424626632738,205.1767209265622
1730525196.5359867,205.4837646484375,1644.827880859375,11.316994160935765,-1.6295730910012725,212.27738293135417,208.67559600305094,205.1852759820223
1730525196.6359973,205.39712524414062,1643.700927734375,11.323996289232467,-1.6421176449999817,212.28292654987717,208.68391193690377,205.190979352329
1730525196.7559986,205.2740478515625,1642.37841796875,11.332830763293984,-1.6494424032621355,212.29083767509917,208.69616568228616,205.19979639567237
1730525196.8759863,205.16677856445312,1641.248291015625,11.326671361098814,-1.6414135052077647,212.29516459472654,208.70427374544192,205.20460439608212
1730525196.99598,205.02828979492188,1639.5538330078125,11.325335823519515,-1.605158295391862,212.30338991671522,208.72057536050283,205.21077609530255
1730525197.0959842,204.95672607421875,1638.4276123046875,11.331052841336538,-1.591074434283087,212.3067503154865,208.728768912408,205.2128677103542
1730525197.215983,204.90232849121094,1637.1029052734375,11.328359181095273,-1.5745564439379793,212.31193582348442,208.74071844240257,205.22646183952895
1730525197.3359952,204.87184143066406,1635.79296875,11.333514301641447,-1.5537134799825834,212.31553818590442,208.74893448425314,205.23514215925832
1730525197.4559987,204.86207580566406,1634.65966796875,11.338310299607645,-1.5434203623694271,212.32048324354514,208.75740021462457,205.24275933381614
1730525197.5560346,204.8805694580078,1633.3291015625,11.324980591171624,-1.517813535856097,212.32790083000623,208.76950122400422,205.25259037789556
1730525197.6759815,204.94232177734375,1631.8226318359375,11.326295134462491,-1.4726127679386183,212.3357606427778,208.7815299829681,205.2625549620409
1730525197.7959898,205.0340118408203,1630.501220703125,11.330438948535656,-1.448203831283606,212.34312111440204,208.79374986810615,205.2726742047006
1730525197.9159787,205.1719207763672,1629.18896484375,11.322996692813845,-1.4175625650455903,212.3464951276295,208.80200337850613,205.28123339454487
1730525198.0359797,205.34034729003906,1627.88427734375,11.329695913256169,-1.3920910271156366,212.35396281939143,208.8145332651378,205.2930650648242
1730525198.1359932,205.5039520263672,1626.765625,11.330254087950749,-1.3870081178591112,212.36114651032813,208.82125504398834,205.2988381795809
1730525198.2559974,205.7008819580078,1625.449462890625,11.327256403653765,-1.405048371083308,212.37210848876384,208.831418311849,205.30691365715472
1730525198.375983,205.91477966308594,1623.958740234375,11.335010886656654,-1.4213644938177874,212.38307046719956,208.8417427788794,205.31396401663278
1730525198.49598,206.07225036621094,1622.6451416015625,11.326392329110128,-1.4450442569663362,212.38780461205965,208.8486595813614,205.31865027788376
1730525198.615986,206.20535278320312,1621.32470703125,11.33046689593014,-1.4705717212791816,212.39491514877852,208.85910133288655,205.32565467827294
1730525198.7359803,206.30776977539062,1620.0135498046875,11.332263115176696,-1.48618476948588,212.4015534097092,208.86957635831277,205.33289458594209
1730525198.8559916,206.37567138671875,1618.685791015625,11.324667602990155,-1.514647569952211,212.41028877133465,208.87670016109382,205.33804593112336
1730525198.9559999,206.4140625,1617.55126953125,11.331444564526217,-1.5345025011431876,212.42363805041418,208.8871941736553,205.3423199251248
1730525199.0759828,206.4315185546875,1616.0460205078125,11.334886741664963,-1.5514599130681581,212.43407303148,208.89759234041173,205.34416050209745
1730525199.1959853,206.40957641601562,1614.723388671875,11.319240673575784,-1.5842269144882752,212.44023549501003,208.90451697661445,205.3465097944894
1730525199.3159852,206.35325622558594,1613.400634765625,11.325243018100354,-1.6236624712779506,212.44947919030506,208.9149039309185,205.35158583110206
1730525199.435981,206.25961303710938,1612.0943603515625,11.329636720790791,-1.648181662802092,212.45872288560008,208.9253424096613,205.3566618677147
1730525199.5359848,206.14627075195312,1610.961181640625,11.332416107611596,-1.6687279506120534,212.4602961230289,208.93185590490896,205.36004589212314
1730525199.6559923,205.9916229248047,1609.64208984375,11.338011217422075,-1.6802061749102948,212.4640130358673,208.9383694001566,205.362447315213
1730525199.7759821,205.80917358398438,1608.1470947265625,11.332395065959954,-1.6648392027883194,212.46841454256105,208.95044314127108,205.36394365855097
1730525199.8959801,205.65341186523438,1606.8251953125,11.340651462398775,-1.6475739294413358,212.47644284788396,208.9631586702136,205.37898269357197
1730525200.015977,205.51580810546875,1605.513671875,11.346144818138729,-1.6399535602981834,212.48384600899203,208.9758181114364,205.40149587011797
1730525200.1159806,205.42477416992188,1604.5682373046875,11.350732139756243,-1.6373026497491183,212.4887055331592,208.9842390430117,205.4149519065818
1730525200.215981,205.30426025390625,1603.248291015625,11.354613203176198,-1.6354592096425655,212.4947835640528,208.99368998488603,205.4286473678318
1730525200.3359935,205.19332885742188,1601.9400634765625,11.354199279134829,-1.6297067816879942,212.50058884716293,209.00594304952085,205.43625217273382
1730525200.455992,205.0982666015625,1600.60498046875,11.348054801018993,-1.605329270333845,212.5100063503071,209.0141117592774,205.4413220426685
1730525200.555999,205.04127502441406,1599.67724609375,11.352064151421553,-1.5922584757037361,212.5159133143361,209.02251375248568,205.44915654844056
1730525200.6560097,204.9801483154297,1598.342041015625,11.35441156276175,-1.5801810401602268,212.5242341350728,209.0351580792177,205.46254008299013
1730525200.7759821,204.941650390625,1596.8348388671875,11.353437753400678,-1.5557087202712707,212.53363538977862,209.0478850797889,205.4702510698478
1730525200.8959813,204.93115234375,1595.502197265625,11.35055851372049,-1.5373941614547957,212.54019544559833,209.05594532821203,205.47453547180248
1730525201.015978,204.95697021484375,1594.1834716796875,11.339734712916371,-1.5032140867602828,212.55064666205124,209.06628591219715,205.4832075450779
1730525201.135981,205.0123748779297,1592.866455078125,11.344611728796796,-1.4756695442378112,212.56109787850414,209.07264031171724,205.49187961835332
1730525201.235986,205.0900115966797,1591.738525390625,11.342310172340591,-1.4590029495038774,212.5680653561394,209.07671437567535,205.49766100053694
1730525201.3560064,205.21475219726562,1590.40087890625,11.341325541931338,-1.4337924013607513,212.5742699516328,209.08241472574719,205.50585864516802
1730525201.475983,205.3821563720703,1588.9112548828125,11.347431950080342,-1.4197697929570479,212.58210096568519,209.08790970288635,205.51273638571774
1730525201.5959797,205.54884338378906,1587.59521484375,11.351498760556451,-1.4155928911033677,212.5894356050178,209.09191387325143,205.5161349058866
1730525201.7159781,205.71055603027344,1586.28125,11.342566882903192,-1.4306631870799082,212.60108550923962,209.09792012879905,205.51985142796286
1730525201.815979,205.83985900878906,1585.152099609375,11.344844964480066,-1.4503530022833,212.60667386234115,209.1016006538049,205.5218712540592
1730525201.9359787,205.96609497070312,1583.8448486328125,11.344332672427065,-1.4681557015382616,212.61505639199345,209.10707903365414,205.5274411371323
1730525202.0559886,206.05471801757812,1582.5146484375,11.323959679100291,-1.5042527195854136,212.61985827924536,209.11071715100047,205.53079018111464
1730525202.1759841,206.1094207763672,1581.0040283203125,11.33001418736065,-1.547148787895538,212.62822953001296,209.11675244327546,205.53675682832977
1730525202.295983,206.11151123046875,1579.8756103515625,11.327665398638576,-1.5711603809159105,212.63705344846846,209.12278858393245,205.54177039535864
1730525202.41598,206.05760192871094,1578.3614501953125,11.321460154175842,-1.6163675404200053,212.644544732623,209.1284728396962,205.54571940494952
1730525202.5159802,206.00022888183594,1577.421630859375,11.329099058716205,-1.6373404666365976,212.64887074297667,209.13538951279872,205.54947421525617
1730525202.6359925,205.8717041015625,1575.9283447265625,11.33625933553969,-1.6540555309023708,212.6558403573256,209.14576789645878,205.55539745673457
1730525202.7559888,205.73252868652344,1574.600341796875,11.34303015618824,-1.660282001530976,212.65972224720622,209.15269131757384,205.55797551721014
1730525202.875982,205.5712127685547,1573.101806640625,11.33861526453893,-1.6533066500038407,212.6658659322086,209.16311322767353,205.5619506778338
1730525202.9959812,205.44772338867188,1571.7664794921875,11.324996389315132,-1.6194472199045733,212.67148093625576,209.17360869462743,205.5661427997486
1730525203.1159801,205.35342407226562,1570.4625244140625,11.331073931158095,-1.5889114148457246,212.67575952498544,209.18053614585892,205.57081949224903
1730525203.235981,205.30044555664062,1569.15380859375,11.326345807811279,-1.5627224213181032,212.68566543833037,209.1908230325995,205.57458338136348
1730525203.355999,205.27969360351562,1567.8203125,11.331648390203856,-1.539110302461243,212.69595529353023,209.2011623875112,205.58576310778392
1730525203.4759836,205.29296875,1566.3128662109375,11.324199368368829,-1.5215025465980747,212.707662322151,209.21152797650848,205.6008593897585
1730525203.5759854,205.32818603515625,1565.17626953125,11.320750391447527,-1.500230281074958,212.71360559825644,209.21855685926835,205.61035135296072
1730525203.695978,205.3878173828125,1563.861328125,11.324020228883422,-1.4753254638249729,212.72252051241458,209.22912492253465,205.62331773190135
1730525203.7959847,205.46531677246094,1562.7249755859375,11.330693766167133,-1.4655452710377659,212.7269514707998,209.23612312739726,205.63183627628314
1730525203.9159784,205.57110595703125,1561.41162109375,11.336529690684767,-1.4600932476541557,212.73325130031503,209.24653730915554,205.6444003053865
1730525204.0359793,205.6856689453125,1560.1038818359375,11.343026582133227,-1.4577214363873312,212.74085656617672,209.25379362828699,205.65277632478876
1730525204.13598,205.7881622314453,1558.968505859375,11.347635352508325,-1.4567824057869694,212.7484618320384,209.26121075803417,205.66872622605854
1730525204.2359948,205.89053344726562,1557.843505859375,11.351465231742093,-1.4563451147359783,212.757840568888,209.27265430624573,205.67431808504864
1730525204.3559866,206.01028442382812,1556.51123046875,11.3541799935684,-1.4577677753902984,212.76411992769238,209.2803892895837,205.67925749205358
1730525204.4559875,206.10195922851562,1555.3800048828125,11.348227328858089,-1.4716518994173176,212.77290606174324,209.29206059091325,205.68592025376313
1730525204.575982,206.20529174804688,1553.9781494140625,11.35257415402303,-1.4875131542376114,212.77872042589297,209.29986440057382,205.69063614203515
1730525204.69599,206.29058837890625,1552.457763671875,11.349713806094355,-1.5030436444505177,212.78726561768383,209.31158270709386,205.69998800983876
1730525204.8159962,206.33218383789062,1551.3232421875,11.346192990428442,-1.527284801956855,212.79612780929256,209.32331824499545,205.70474364557288
1730525204.9359794,206.363037109375,1549.812255859375,11.350496137253002,-1.5486492128536886,212.80155575938238,209.3349708669009,205.71132986679584
1730525205.0359857,206.35693359375,1548.68115234375,11.345536106345575,-1.5684141291998208,212.80499927981737,209.34262872684303,205.71562959775838
1730525205.1559796,206.32894897460938,1547.35205078125,11.3496868183404,-1.5885609428462701,212.8121489866228,209.3545345313256,205.72133705501983
1730525205.2559812,206.28591918945312,1546.2156982421875,11.352814323238068,-1.5976838674764455,212.81768090147898,209.362471734314,205.72469637550887
1730525205.3759906,206.21044921875,1544.903076171875,11.347276446404202,-1.6176762177796706,212.82734922864438,209.37383963991658,205.72953791917132
1730525205.4959974,206.10128784179688,1543.386962890625,11.353115289957092,-1.6362693432461675,212.83975638875359,209.38150395833793,205.73446999177133
1730525205.5960915,206.02023315429688,1542.443359375,11.356080860141653,-1.6416222970372267,212.8468039768619,209.38347858714053,205.73766337677012
1730525205.71599,205.89630126953125,1541.123291015625,11.360168148599282,-1.6453358088612333,212.85154264464097,209.38545321594313,205.7408455177108
1730525205.8359773,205.75894165039062,1539.6182861328125,11.350562788026934,-1.63359499687951,212.85669941408798,209.38846895398763,205.74580524512476
1730525205.9559793,205.65208435058594,1538.2962646484375,11.352345787111373,-1.6104974007452528,212.85872065648607,209.39151158945242,205.7511417601421
1730525206.0759861,205.57823181152344,1537.1624755859375,11.353109083212987,-1.5967704032225483,212.8610483675153,209.39358397268938,205.75515882690627
1730525206.1959853,205.51348876953125,1535.462646484375,11.345989331072262,-1.5603735132366532,212.86484582346736,209.39783113836074,205.76505694245702
1730525206.3159845,205.49156188964844,1534.140380859375,11.35066837937762,-1.5432760190383448,212.87495254397788,209.40010831999257,205.7712040648879
1730525206.43598,205.4940948486328,1532.815185546875,11.35411664785882,-1.5349973164737245,212.88523527644622,209.40283466039818,205.78052287798243
1730525206.5559819,205.51736450195312,1531.491943359375,11.341244310429884,-1.5200452648495835,212.89268807672,209.40476147278105,205.78706117612808
1730525206.675983,205.55194091796875,1530.174560546875,11.347485452788868,-1.510615011429613,212.90300055913735,209.40781556952402,205.79623104156929
1730525206.7959943,205.62249755859375,1528.6552734375,11.332828200949676,-1.4853895495843823,212.9121356517361,209.4111789814449,205.80346158953625
1730525206.895995,205.70179748535156,1527.5267333984375,11.32908231336443,-1.4510656641910051,212.91783445311637,209.41439508198005,205.80824789507597
1730525207.0159822,205.80426025390625,1526.397216796875,11.335120391356272,-1.4258705623822017,212.92635873177028,209.4192631007104,205.8153368703322
1730525207.1359806,205.9803009033203,1524.8953857421875,11.341415677854691,-1.4100135686196518,212.93481315447832,209.42478595075863,205.8219004163285
1730525207.2559783,206.15013122558594,1523.584228515625,11.339204112590716,-1.4141079124795395,212.9403868263886,209.42845122881613,205.8254521757832
1730525207.3759809,206.30616760253906,1522.2802734375,11.32415046267435,-1.4455071143637916,212.94904540471396,209.43359679728144,205.83081656355637
1730525207.4959943,206.444091796875,1520.769287109375,11.314665268545069,-1.494746832390485,212.95681129381217,209.4390386734525,205.8361993256251
1730525207.5961003,206.49462890625,1519.636962890625,11.290061937593618,-1.5453293162387958,212.96237457553468,209.44266659089988,205.84060033748597
1730525207.7159817,206.49600219726562,1518.3270263671875,11.288649723470357,-1.6012956465468111,212.96988850345463,209.44784638078465,205.8481163858321
1730525207.8159847,206.4615478515625,1517.3824462890625,11.287949861196621,-1.6264523988359176,212.97494901155767,209.45145204636117,205.85344280076401
1730525207.9159882,206.36767578125,1516.06640625,11.293641168802521,-1.6458087862708315,212.9794831252915,209.455058740813,205.85877441965
1730525208.01599,206.279052734375,1515.12841796875,11.302673465282775,-1.6527367335305636,212.98467052966373,209.45866646414015,205.86449711306636
1730525208.1359792,206.13253784179688,1513.62939453125,11.303813601950015,-1.6408073697436625,212.99156633212488,209.4639686451469,205.87366776498652
1730525208.2559793,206.0116729736328,1512.31591796875,11.313612190350543,-1.621088792400498,212.99846213458602,209.4694726985034,205.88274039774
1730525208.3559833,205.92269897460938,1511.189453125,11.320238383652773,-1.6127775992705784,213.00299835640965,209.47348416653006,205.88911381010314
1730525208.4759862,205.83460998535156,1509.876953125,11.326733821637232,-1.6081916358734623,213.00843169945767,209.47920432196918,205.89858095721434
1730525208.5960014,205.7545928955078,1508.54833984375,11.334359044594093,-1.6060850754512097,213.01097878400503,209.48316972954296,205.9040530995444
1730525208.7159894,205.6801300048828,1507.044189453125,11.330486877876572,-1.5908922740645255,213.01753668875574,209.48966281025832,205.91220086824717
1730525208.8359787,205.63275146484375,1505.72412109375,11.301797502049087,-1.5662622950390366,213.02861947361373,209.49580905696894,205.91925497612078
1730525208.955979,205.6085205078125,1504.4049072265625,11.296902057099214,-1.5499754670765482,213.03905174224917,209.5017714227613,205.92542915555896
1730525209.0759819,205.60601806640625,1503.076171875,11.272814428392223,-1.524971580234012,213.04433742776143,209.50577171076884,205.93042033289169
1730525209.195994,205.62887573242188,1501.7677001953125,11.293134503982712,-1.5043581807645807,213.04995875578607,209.51095874939347,205.93795874464558
1730525209.3159802,205.68890380859375,1500.26904296875,11.301960975536941,-1.4899254455530053,213.06175725295077,209.517469810668,205.94614041583748
1730525209.4159892,205.735107421875,1499.5133056640625,11.295987165632983,-1.4755006998247002,213.06824126745266,209.52149560680414,205.9502902472717
1730525209.5359788,205.8660430908203,1497.822021484375,11.302401648620725,-1.4453649015615815,213.07583707990057,209.5275543079656,205.95744382672376
1730525209.65598,205.9969482421875,1496.508544921875,11.309091046384676,-1.4353530137595376,213.08210321366948,209.53365302304155,205.9660136639585
1730525209.7759771,206.14370727539062,1495.205078125,11.319056090099437,-1.430892218933655,213.085956470817,209.5397430440064,205.97138366914112
1730525209.8759835,206.275634765625,1494.080810546875,11.326403161501867,-1.429856249269614,213.09100068269174,209.551914391825,205.9802034402844
1730525209.9959812,206.420166015625,1492.759765625,11.316662035095648,-1.4458021926125724,213.09337069558967,209.56011547596938,205.9861861655536
1730525210.0959823,206.54283142089844,1491.4427490234375,11.3152815986059,-1.4770506595791264,213.09776191864728,209.57254738058396,205.99518948553396
1730525210.2159796,206.63682556152344,1490.1329345703125,11.31884350764054,-1.4977844339298292,213.10322689716838,209.58477222087515,206.003766627809
1730525210.3359756,206.690185546875,1488.810791015625,11.313704263455387,-1.5278834805699046,213.10933470329303,209.5928530929615,206.00915013385975
1730525210.4359765,206.713134765625,1487.673583984375,11.32216889399116,-1.5499909134108707,213.11544200268634,209.60114772810925,206.0133483070141
1730525210.5359783,206.71466064453125,1486.546630859375,11.329026200737516,-1.561635318961133,213.12426501892162,209.61391032542303,206.0176971027886
1730525210.6559772,206.68948364257812,1485.220947265625,11.330733526341726,-1.579139744174006,213.13011283451533,209.62225172430476,206.0204033565226
1730525210.755983,206.6561279296875,1484.0909423828125,11.337339881111745,-1.5900315404002119,213.1382721290795,209.63451332363616,206.02685683179698
1730525210.8759775,206.60321044921875,1482.774169921875,11.343985565755295,-1.5959400295946617,213.14338647537897,209.6427171936433,206.03203119888758
1730525210.9759817,206.55038452148438,1481.642822265625,11.349198998274407,-1.5982239565455139,213.15153792458432,209.65506720433336,206.03912508384462
1730525211.0959868,206.46731567382812,1480.11962890625,11.348022867935793,-1.6079258523966722,213.15800104066045,209.66651975750972,206.04471691654317
1730525211.2159822,206.37246704101562,1478.8082275390625,11.338689938143348,-1.6381170444104647,213.16109143862673,209.67385564045605,206.04752542000801
1730525211.3159916,206.29005432128906,1477.861083984375,11.343749520513823,-1.6573083158577937,213.16180745692395,209.68103678655416,206.05237382560074
1730525211.435984,206.12747192382812,1476.34814453125,11.351658275112925,-1.6726667658642804,213.16054582867878,209.69157640042897,206.06352954106205
1730525211.5559826,205.9670867919922,1475.0377197265625,11.355359221474409,-1.675137646723656,213.16483563664156,209.70226318548703,206.07354297353095
1730525211.6759849,205.81298828125,1473.7320556640625,11.350095125744406,-1.6556060232890148,213.16959164539082,209.70943676592015,206.07857610358792
1730525211.7959876,205.6507110595703,1472.219482421875,11.356796517553894,-1.6345153853522416,213.1770520740696,209.7200841119734,206.08552552320145
1730525211.9159799,205.5596923828125,1471.08935546875,11.34489094688563,-1.6096185575855264,213.18426412628003,209.73067494572842,206.0921766536601
1730525212.0159843,205.49261474609375,1469.951171875,11.347387903689302,-1.5791978010857697,213.19218671517785,209.73780233289472,206.09794676415527
1730525212.1159844,205.44781494140625,1468.638427734375,11.348877081665988,-1.5551824796398712,213.2009829779422,209.74849341364416,206.1087004303606
1730525212.235984,205.4503936767578,1467.30908203125,11.338118586264125,-1.5192383270392895,213.20191437488018,209.754921572606,206.11244233304114
1730525212.3559859,205.48849487304688,1465.9892578125,11.346053535401392,-1.4876287354289213,213.20628566217795,209.7645529186742,206.11709083383528
1730525212.4759886,205.56509399414062,1464.673828125,11.349087124360056,-1.46729177208064,213.21063133735117,209.77051219349767,206.12000620370964
1730525212.595986,205.68226623535156,1463.34619140625,11.347519890014725,-1.4360512945973565,213.21585635323584,209.77945110573285,206.1254522053489
1730525212.715994,205.82994079589844,1461.9857177734375,11.355721025800602,-1.4157521481365545,213.220535684889,209.78837025599455,206.13069091029172
1730525212.8359883,206.0000457763672,1460.661865234375,11.362400363526564,-1.4070079250133884,213.22494616204096,209.79431635616902,206.13560941283708
1730525212.955987,206.20054626464844,1459.1630859375,11.358877108209557,-1.413891131166807,213.23069965158925,209.8037008536595,206.13966778367114
1730525213.0759873,206.3616943359375,1457.84326171875,11.355064395586174,-1.4437398406644153,213.23417579323836,209.81286657355395,206.14576874299632
1730525213.1959774,206.4940185546875,1456.527099609375,11.354690108015397,-1.4741398245076698,213.2409783073548,209.8215947382563,206.15735799945423
1730525213.295982,206.56797790527344,1455.396240234375,11.33893882635242,-1.5120025183575443,213.24574507629507,209.8276844160356,206.16470427366585
1730525213.4159806,206.61297607421875,1454.0794677734375,11.343566143459611,-1.5531068118862632,213.2520903912275,209.83722528467115,206.17572150400918
1730525213.5359852,206.61016845703125,1452.74560546875,11.34342051111645,-1.580191692804587,213.25512906893778,209.84338901264755,206.18243688780797
1730525213.63599,206.5703125,1451.614013671875,11.344049334861925,-1.60582728145769,213.25937249001424,209.8522161773651,206.19243392025408
1730525213.755981,206.48428344726562,1450.1103515625,11.353770344282506,-1.6244864533192211,213.26351381672475,209.86069001811597,206.20371908306504
1730525213.8759806,206.38307189941406,1448.78369140625,11.361859407703351,-1.6314335753388016,213.26737243753155,209.8663035710117,206.21107709801834
1730525213.9759827,206.28753662109375,1447.6505126953125,11.367922955990139,-1.634159587030607,213.2756043450214,209.87461215411417,206.21937850736606
1730525214.0959766,206.1746368408203,1446.3304443359375,11.370709230308282,-1.632691652637755,213.28092802231583,209.88011396076877,206.22352013581497
1730525214.1959796,206.08877563476562,1445.19677734375,11.361847708431894,-1.6148974754982817,213.28588208580436,209.88572138855784,206.2275374783179
1730525214.3159833,206.00213623046875,1443.87890625,11.367532532742013,-1.5944342783143308,213.29272019874952,209.89413253024145,206.23823139326657
1730525214.415985,205.95285034179688,1442.745849609375,11.362722624002922,-1.5750613792806585,213.29695857160573,209.90009438537663,206.2455356238146
1730525214.5159895,205.9253692626953,1441.7904052734375,11.366078951776371,-1.5582445822612443,213.3026337747001,209.90605624051182,206.25287552671705
1730525214.635944,205.90753173828125,1440.2802734375,11.369000815423746,-1.5425606939695493,213.31256559207316,209.91451132214684,206.26388538107074
1730525214.735984,205.92138671875,1439.1357421875,11.36030346292035,-1.520497469602679,213.31805761224757,209.92300134661082,206.26892513625535
1730525214.8559825,205.9654998779297,1437.6287841796875,11.364466431000267,-1.4939659935588736,213.32393020690654,209.93138665357117,206.27727956759225
1730525214.9759798,206.044677734375,1436.30029296875,11.349764608491519,-1.465856860885305,213.3277715653977,209.93693612857203,206.2836797422848
1730525215.075982,206.14141845703125,1435.1678466796875,11.350464964287164,-1.434225431353998,213.33415946859748,209.94238954409514,206.28894177946256
1730525215.175984,206.26075744628906,1434.0404052734375,11.35325819790024,-1.4147838227642018,213.34406725008876,209.94751557563222,206.2945304740374
1730525215.2959864,206.4275665283203,1432.728271484375,11.355065330133739,-1.405690192906017,213.3503034661735,209.94978164353518,206.29792527819347
1730525215.415987,206.59609985351562,1431.423828125,11.34012008361985,-1.4222342822298073,213.35963970634054,209.95298086158073,206.30281957354669
1730525215.5359864,206.72708129882812,1430.2982177734375,11.336112724907878,-1.4534300186067775,213.36494551343628,209.95486099567506,206.30712865938074
1730525215.6559803,206.86727905273438,1428.5928955078125,11.320876995730314,-1.5071928494288611,213.37591461373802,209.95862126386373,206.317969775287
1730525215.7559805,206.90975952148438,1427.468017578125,11.319760165447958,-1.5492633378010607,213.38209337662113,209.9605702534741,206.32292598960578
1730525215.8759823,206.91592407226562,1426.141357421875,11.323323420202307,-1.5805139352964868,213.3902243285288,209.96347103453502,206.330019185962
1730525215.9959767,206.8700408935547,1424.8218994140625,11.322705675916668,-1.6061527197428975,213.39420216116457,209.96537461743617,206.334775767211
1730525216.115993,206.80616760253906,1423.6888427734375,11.331345081941782,-1.6208991753308841,213.3961216791388,209.96727820033732,206.33978988417584
1730525216.2359824,206.69497680664062,1422.1817626953125,11.342875989261675,-1.6297616428064499,213.39905315126634,209.97020902221107,206.34772662238038
1730525216.3559837,206.56983947753906,1420.67919921875,11.352134151935145,-1.633159303725173,213.40254734060045,209.97308395794164,206.35546967446032
1730525216.4759815,206.45628356933594,1419.3563232421875,11.357517380974839,-1.6338527908730296,213.41136631134032,209.97593095060063,206.36258464332695
1730525216.5959778,206.35415649414062,1418.032958984375,11.348762011255307,-1.6180927361741588,213.4175467253782,209.97908931327572,206.36963257223317
1730525216.7159827,206.26681518554688,1416.718505859375,11.353275098022543,-1.5959426927557518,213.42354244306432,209.98085007663292,206.3733043491692
1730525216.8359914,206.20462036132812,1415.38818359375,11.351302048091984,-1.577570077027513,213.43299308043424,209.98349122166871,206.37905874136118
1730525216.9559824,206.171630859375,1413.881103515625,11.350976273418473,-1.5447535408111208,213.4403584665714,209.98603293161318,206.3843539006475
1730525217.0759776,206.1739501953125,1412.55224609375,11.348503843318202,-1.523185131774787,213.4461334479298,209.98862519496447,206.38935776178403
1730525217.195976,206.21803283691406,1411.23046875,11.338176323249021,-1.4874577604869381,213.44998343550208,209.99042077507443,206.39269366920837
1730525217.2959764,206.28106689453125,1410.0985107421875,11.343151690858667,-1.4618546623991342,213.4560050727058,209.99273193579256,206.39769753034489
1730525217.4159853,206.36895751953125,1408.966552734375,11.346662394962859,-1.4485809348939613,213.46125728739594,209.99414530645572,206.40166455225517
1730525217.5359821,206.50155639648438,1407.4598388671875,11.339692253032418,-1.4566476498358112,213.46724221807835,209.99681798523443,206.40914646646888
1730525217.6559808,206.62928771972656,1405.9566650390625,11.346077163415794,-1.4790347145912355,213.46948098314306,209.99976697540512,206.41783829700785
1730525217.7759802,206.71893310546875,1404.62890625,11.344266732955875,-1.495096771757721,213.4769193822068,210.00229158307138,206.4270841351182
1730525217.8959768,206.77378845214844,1403.3089599609375,11.333501709643349,-1.5285519340035145,213.48238831932224,210.00394236542263,206.43371327989496
1730525218.0159836,206.79461669921875,1401.99267578125,11.335335946167497,-1.5611958973812698,213.490810229188,210.00637010481012,206.4435712432171
1730525218.1160014,206.76954650878906,1400.86083984375,11.31564973763303,-1.5981493880349913,213.49650989733675,210.0080667780486,206.45011463415085
1730525218.235989,206.68798828125,1399.53759765625,11.310372434436461,-1.6514243277453724,213.50916609449746,210.0110568061276,206.45878627223362
1730525218.3359916,206.57928466796875,1398.4091796875,11.319661329735782,-1.682932719234318,213.51780281614595,210.01313830475544,206.46367606426497
1730525218.4559774,206.38406372070312,1396.9150390625,11.32973276209226,-1.7015450194606636,213.53084884732039,210.0162288986844,206.46983987246563
1730525218.5559795,206.22496032714844,1395.7960205078125,11.321951903781923,-1.69167800762192,213.5394399321135,210.01824568123754,206.47340820597333
1730525218.6559803,206.07000732421875,1394.673828125,11.328158052261085,-1.6685910641320232,213.54190672738412,210.0202188503912,206.4759875463683
1730525218.7759786,205.9126434326172,1393.3564453125,11.326642652456668,-1.6426215150782246,213.543766475016,210.02339069492325,206.479963371429
1730525218.8959756,205.80894470214844,1392.2296142578125,11.330060846190179,-1.613793328910335,213.54499356410406,210.0257880456801,206.48280208746542
1730525218.9959939,205.71788024902344,1390.9124755859375,11.33390644305198,-1.5907489959978793,213.54678510534723,210.0291902999902,206.48706016152005
1730525219.1159968,205.67269897460938,1389.5994873046875,11.321893954869635,-1.5569199259350386,213.55754244484035,210.03220501065005,206.49193084869626
1730525219.235985,205.6622772216797,1388.270751953125,11.330359670458911,-1.5241641097915002,213.56292294707862,210.03433901143603,206.49601177486693
1730525219.3559828,205.70274353027344,1386.764404296875,11.325111553316553,-1.4926748930624032,213.5665006573298,210.03772630313415,206.50254503501412
1730525219.475979,205.77859497070312,1385.4407958984375,11.280955152860031,-1.462053866848672,213.57198019526777,210.04062389998376,206.50953215310415
1730525219.5759983,205.86627197265625,1384.3157958984375,11.274103474380329,-1.448638991805725,213.5766491884965,210.04278958904365,206.51540810360098
1730525219.6959767,205.98037719726562,1383.008544921875,11.278137953298184,-1.4541852910919237,213.58553617548137,210.04608988805614,206.52435912339809
1730525219.815983,206.0919189453125,1381.70068359375,11.291838223823534,-1.4750623435092731,213.59091825685755,210.04835910796135,206.5303574750568
1730525219.9159868,206.16444396972656,1380.757568359375,11.302294964165721,-1.4837873918725908,213.59360929754564,210.05062832786655,206.53655709631528
1730525220.0359886,206.26251220703125,1379.251708984375,11.317614326824264,-1.490346225005238,213.69738905782492,210.0536666266787,206.544371716849
1730525220.155979,206.34866333007812,1377.7484130859375,11.33000060128467,-1.4928464006366045,213.8022219404496,210.05679829388282,206.54988062755433
1730525220.275978,206.42031860351562,1376.4239501953125,11.338498738116874,-1.4937401574984348,213.92735537733734,210.06011669787085,206.5547458463309
1730525220.395978,206.48475646972656,1375.10205078125,11.33992674182333,-1.5005557193601655,213.95013764772375,210.06317148941787,206.56035162207797
1730525220.5159903,206.5286865234375,1373.7890625,11.330078745344807,-1.5292092021605463,213.97044437163436,210.06520801711588,206.5648656495688
1730525220.6359916,206.55108642578125,1372.4571533203125,11.338646296231142,-1.5554663726120734,213.9810656846605,210.06853131079913,206.57176158746097
1730525220.7559898,206.53176879882812,1370.949462890625,11.337710414215142,-1.582947531900601,214.03749437532417,210.07462668777748,206.57847796113526
1730525220.8559918,206.5,1369.9638671875,11.341996217930538,-1.5992892209815452,214.04925338278474,210.08238638348985,206.58200628594238
1730525220.9759803,206.4417266845703,1368.4609375,11.330019380530704,-1.5907708339188178,214.05314611162498,210.0941558045049,206.58781233293007
1730525221.0759847,206.39854431152344,1367.3280029296875,11.314719632622023,-1.5703150935859191,214.05574126418514,210.1021752551103,206.59352983489407
1730525221.1959763,206.3625030517578,1366.0167236328125,11.248366279492197,-1.5573486948705415,214.0659233764079,210.11486317218146,206.60321543962277
1730525221.2959788,206.34622192382812,1364.892333984375,11.169336089132496,-1.552154998112669,214.07271145122309,210.1231439359359,206.60818383039305
1730525221.3959808,206.33802795410156,1363.775146484375,11.103995856323301,-1.5496399087791983,214.07949952603826,210.131246852064,206.61315222116332
1730525221.515975,206.3339385986328,1362.4853515625,11.038553529838039,-1.5483136545563385,214.08988238438565,210.14382174033358,206.62096135217723
1730525221.6159756,206.33248901367188,1361.412109375,10.546363700315808,-1.5482380207813804,214.09655114360726,210.1523451705391,206.6261082754745
1730525221.715978,206.33096313476562,1360.4178466796875,9.76086503967254,-1.549236173557942,214.10289984111068,210.1608564312728,206.63157721482992
1730525221.8359795,206.3282012939453,1359.370849609375,8.794726345399159,-1.550274806383073,214.10996425406324,210.16961142300556,206.63736692597
1730525221.935984,206.32508850097656,1358.547119140625,8.061331407925037,-1.5503376569847989,214.11694279400695,210.1804832812703,206.6416594214461
1730525222.0359936,206.3221435546875,1357.752685546875,7.945463342411696,-1.5503962465287806,214.11992682499704,210.18560261929008,206.64297178010247
1730525222.1560054,206.31814575195312,1356.82373046875,7.870126092451861,-1.5504335307840418,214.12494542356944,210.19584129532961,206.64559649741523
1730525222.2759829,206.3131103515625,1355.7867431640625,7.782403161553047,-1.5504660213493406,214.12901455873407,210.20593751953845,206.64843018385102
1730525222.39598,206.30880737304688,1354.8826904296875,7.707441204127165,-1.5505043708690376,214.1330836938987,210.2158912919166,206.65147283940985
1730525222.5159783,206.30502319335938,1353.985595703125,7.645056312931673,-1.5505373940665546,214.13720448745312,210.22584506429473,206.65432581313678
1730525222.6359808,206.30189514160156,1353.1060791015625,7.570184818333058,-1.5505512425042232,214.13926488423033,210.23097539427965,206.6569891050318
1730525222.735987,206.29962158203125,1352.3544921875,7.507810438506632,-1.5505453835498249,214.14338567778475,210.2412360542495,206.65832075097933
1730525222.8559947,206.2971649169922,1351.4779052734375,7.4330703032737535,-1.5505214151000144,214.1474218013526,210.25149671421934,206.66991318795135
