1730527897.776097,208.13864135742188,1767.5205078125,0.051165189594938106,-1.5252597342639587,211.59109975211788,208.12400957789532,204.57358315344527
1730527897.8959823,208.13851928710938,1767.5277099609375,0.05127602072499726,-1.5252607995283947,211.59109975211788,208.12400957789532,204.57358315344527
1730527898.0160077,208.138427734375,1767.533447265625,0.051366683136431675,-1.5252613321606128,211.59109975211788,208.12400957789532,204.57358315344527
1730527898.135979,208.13833618164062,1767.5391845703125,0.051453772979001264,-1.5252623974250488,211.59109975211788,208.12400957789532,204.57358315344527
1730527898.2559783,208.13824462890625,1767.544921875,0.0515370332138803,-1.5252629300572667,211.59109975211788,208.12400957789532,204.57358315344527
1730527898.3759787,208.13815307617188,1767.5513916015625,0.05163003878784805,-1.5252639953217026,211.59109975211788,208.12400957789532,204.57358315344527
1730527898.4759824,208.13807678222656,1767.5562744140625,0.051691115122689126,-1.5252639953217026,211.59109975211788,208.12400957789532,204.57358315344527
1730527898.5959861,208.1379852294922,1767.5618896484375,0.051740966737931014,-1.5252645279539208,211.59109975211788,208.12400957789532,204.57358315344527
1730527898.7159817,208.1378936767578,1767.567626953125,0.051798280328616275,-1.5252650605861386,211.59109975211788,208.12400957789532,204.57358315344527
1730527898.8160045,208.13783264160156,1767.5709228515625,0.05183527246119085,-1.5252650605861386,211.59109975211788,208.12400957789532,204.57358315344527
1730527898.93598,208.1376953125,1767.5784912109375,0.05189738050161926,-1.525266125850575,211.59109975211788,208.12400957789532,204.57358315344527
1730527899.0359836,208.13755798339844,1767.583984375,0.05194005370288241,-1.525266125850575,211.59109975211788,208.12400957789532,204.57358315344527
1730527899.1559799,208.13742065429688,1767.5888671875,0.02156413164375956,-1.525267191115011,211.59109975211788,208.12400957789532,204.57358315344527
1730527899.255981,208.13748168945312,1767.5863037109375,0.04923539236356724,-1.525268789011665,211.59109975211788,208.12400957789532,204.57358315344527
1730527899.3759856,208.13780212402344,1767.571533203125,0.14815583825118445,-1.525271984804973,211.59109975211788,208.12400957789532,204.57358315344527
1730527899.4759922,208.13821411132812,1767.55224609375,0.2191218733834292,-1.525274115333845,211.59109975211788,208.12400957789532,204.57358315344527
1730527899.5959814,208.138916015625,1767.5206298828125,0.29052007199921664,-1.5252767784949353,211.59109975211788,208.12400957789532,204.57358315344527
1730527899.7159812,208.13983154296875,1767.4796142578125,0.37701502448873575,-1.5252799742882432,211.59109975211788,208.12400957789532,204.57358315344527
1730527899.815983,208.1407928466797,1767.436279296875,0.44997125875901733,-1.5252821048171152,211.59109975211788,208.12400957789532,204.57358315344527
1730527899.9359803,208.1421356201172,1767.3759765625,0.5388248564396655,-1.5252853006104234,211.59109975211788,208.12400957789532,204.57358315344527
1730527900.0559824,208.14364624023438,1767.3060302734375,0.6293916363595424,-1.5252874311392954,211.59109975211788,208.12400957789532,204.57358315344527
1730527900.1560035,208.1451416015625,1767.2371826171875,0.7063966713337132,-1.5252879637715135,211.59109975211788,208.12400957789532,204.57358315344527
1730527900.2760015,208.14736938476562,1767.13330078125,0.8170883058896353,-1.5252884964037314,211.5960551592807,208.12606041946037,204.57520757590373
1730527900.3959835,208.14947509765625,1767.032470703125,0.8983594673534381,-1.5253167259112865,211.5960551592807,208.12606041946037,204.57520757590373
1730527900.5159822,208.1509246826172,1766.920166015625,0.997376196169517,-1.5270610964252882,211.5960551592807,208.12606041946037,204.57520757590373
1730527900.635979,208.15328979492188,1766.7940673828125,1.100795950770414,-1.529983649405541,211.5960551592807,208.12606041946037,204.57520757590373
1730527900.7359822,208.15562438964844,1766.6788330078125,1.1900576455100413,-1.5309908569298092,211.5960551592807,208.12606041946037,204.57520757590373
1730527900.8359854,208.15773010253906,1766.5531005859375,1.2822543630821424,-1.5313764826556526,211.59962074156977,208.12740094335447,204.5768319983622
1730527900.955983,208.16000366210938,1766.391357421875,1.397005267291456,-1.53182815477653,211.59962074156977,208.12740094335447,204.5768319983622
1730527901.0759864,208.16085815429688,1766.19677734375,1.5340495293639849,-1.5367262406534037,211.59962074156977,208.12740094335447,204.5768319983622
1730527901.1759932,208.16265869140625,1766.036376953125,1.6392902111158443,-1.5412775829563492,211.60256985457397,208.12874146724857,204.57849758531734
1730527901.2959802,208.1646270751953,1765.835693359375,1.7486712007735103,-1.5434246234271711,211.60256985457397,208.12874146724857,204.57849758531734
1730527901.4159815,208.1656494140625,1765.6173095703125,1.8861685135343838,-1.5441170453105917,211.60551896757818,208.13008199114267,204.58016317227248
1730527901.5359774,208.16632080078125,1765.386474609375,2.0309923434298005,-1.544330630830016,211.60551896757818,208.13008199114267,204.58016317227248
1730527901.635978,208.16690063476562,1765.177490234375,2.1578579460690808,-1.5443908182706518,211.60551896757818,208.13008199114267,204.58016317227248
1730527901.7559996,208.1675567626953,1764.9102783203125,2.3182620932991673,-1.5444115909271545,211.60759993461363,208.13160051122418,204.58182875922762
1730527901.8759856,208.16839599609375,1764.58642578125,2.5176312515681807,-1.5444115909271545,211.60968090164909,208.13311903130568,204.58545970689715
1730527901.9759886,208.16908264160156,1764.3243408203125,2.6687876468001184,-1.5444078625016286,211.60968090164909,208.13311903130568,204.58545970689715
1730527902.095986,208.16993713378906,1763.99951171875,2.827929158472559,-1.5444009382827943,211.61176186868454,208.1346375513872,204.5890906545667
1730527902.2159884,208.17083740234375,1763.655029296875,3.0298840101722635,-1.544392948799524,211.61176186868454,208.1346375513872,204.59272160223622
1730527902.3359792,208.17181396484375,1763.2822265625,3.2447713919387806,-1.5443854919484719,211.61384283572,208.1361076483696,204.59272160223622
1730527902.4359834,208.17271423339844,1762.9427490234375,3.434181123243368,-1.5443812308907274,211.616984092356,208.13757774535202,204.5966434348104
1730527902.5559957,208.17364501953125,1762.587646484375,3.633481625423953,-1.5443785677296376,211.62012534899202,208.13904784233443,204.60056526738458
1730527902.6760154,208.17486572265625,1762.13818359375,3.886059143535824,-1.5443780350974197,211.62326660562803,208.14051793931685,204.60448709995876
1730527902.7959826,208.17654418945312,1761.5257568359375,4.245602685618397,-1.5443801656262914,211.62660361948747,208.1419744383801,204.60820823213112
1730527902.91598,208.17774963378906,1761.0872802734375,4.432669236842538,-1.5443822961551634,211.6299406333469,208.14343093744333,204.61192936430348
1730527903.015982,208.17880249023438,1760.703369140625,4.67094477787783,-1.5443902856384337,211.6299406333469,208.14343093744333,204.61192936430348
1730527903.115985,208.18057250976562,1760.05419921875,4.967502209174266,-1.5444158519848987,211.63552203529525,208.1463439355698,204.61954469660452
1730527903.2159853,208.18197631835938,1759.535400390625,5.217499830715539,-1.5444440814924536,211.63831273626943,208.1480584463825,204.62128759660823
1730527903.3359888,208.1833953857422,1758.9974365234375,5.476584566867637,-1.5444717783677901,211.6411034372436,208.14977295719518,204.62303049661193
1730527903.4559817,208.18536376953125,1758.2315673828125,5.858798181543286,-1.5445016057719991,211.64229588301816,208.15148746800787,204.62477339661564
1730527903.5559897,208.18692016601562,1757.626220703125,6.138013039480991,-1.5445186500029757,211.64488514454126,208.15432439244137,204.62805791605
1730527903.6759675,208.18853759765625,1756.994384765625,6.415168430292342,-1.5445314331762081,211.6462819602898,208.15574285465811,204.6297001757672
1730527903.7759814,208.19082641601562,1756.1104736328125,6.794916279417016,-1.5445436837172224,211.65276291762916,208.1585797790916,204.63302356095357
1730527903.8959816,208.1929473876953,1755.2919921875,7.10915624086415,-1.5445511405682746,211.65600339629884,208.16007572388332,204.63468525354676
1730527904.0159829,208.19512939453125,1754.44873046875,7.361284351479888,-1.544555401626019,211.66099245587372,208.16306761346675,204.6402941396044
1730527904.1359828,208.19712829589844,1753.6937255859375,7.603751266867342,-1.5445580647871089,211.662625598594,208.16456355825846,204.64309858263323
1730527904.2559817,208.19985961914062,1752.643310546875,7.926281045670455,-1.5445612605804169,211.66661001568116,208.16911749824044,204.65184173661112
1730527904.355982,208.20199584960938,1751.837646484375,8.14457232070063,-1.544563391109289,211.66830416481787,208.17068559093718,204.65481109208565
1730527904.475985,208.20492553710938,1750.7313232421875,8.433754025439459,-1.544568717431469,211.6713464941978,208.17382177633067,204.66140623451145
1730527904.5959828,208.20753479003906,1749.7294921875,8.629309710210167,-1.5445772395469572,211.67438882357771,208.17695796172416,204.66653349310525
1730527904.6959853,208.2098388671875,1748.8487548828125,8.852629718108451,-1.5445809679724836,211.67786375302683,208.1796859864271,204.67019286786706
1730527904.815981,208.2125701904297,1747.8033447265625,9.030209590923779,-1.5445799027080476,211.68363391353762,208.1824735490594,204.67501268989474
1730527904.9359815,208.21536254882812,1746.740966796875,9.233750382011353,-1.5445788374436114,211.69185567305692,208.18532064962108,204.68150319010203
1730527905.0559807,208.21829223632812,1745.6370849609375,9.428691896020492,-1.5445809679724836,211.69963788125983,208.18845754002848,204.69224831656948
1730527905.1759975,208.2216796875,1744.3658447265625,9.647571587167139,-1.5445745763858674,211.7025825082883,208.1903239332877,204.69627462194921
1730527905.2959828,208.2247314453125,1743.225341796875,9.822853111942784,-1.5445729784892135,211.7067129084703,208.19215772350537,204.70030092732895
1730527905.4159791,208.22775268554688,1742.08349609375,9.861825965348304,-1.5445761742825215,211.71656905003,208.19492547595792,204.7045164368975
1730527905.5359793,208.23031616210938,1741.0999755859375,9.666785292629521,-1.544569782695905,211.7222435807597,208.1967763333016,204.70778824599086
1730527905.63598,208.23248291015625,1740.193603515625,8.87087198944292,-1.5445159868418856,211.72508084612457,208.19770176197346,204.70942415053753
1730527905.755982,208.23489379882812,1739.110107421875,7.75908462768309,-1.5444121235593724,211.73359264221915,208.2007534835334,204.7188277728244
1730527905.8559916,208.236328125,1738.3902587890625,6.96732018714052,-1.5443716435108032,211.73739530946375,208.20181662997743,204.72186947942237
1730527905.9759953,208.23782348632812,1737.5518798828125,5.858993772295904,-1.5444014709150122,211.74509139940858,208.20390701605936,204.7278849306099
1730527906.0959795,208.23880004882812,1736.93603515625,4.893093575963876,-1.5445000078753452,211.7477782467446,208.20493425569725,204.73089265620365
1730527906.2159767,208.2396697998047,1736.434326171875,4.038977673845766,-1.544635296458721,211.7504650940806,208.20596149533515,204.73389405129547
1730527906.3159795,208.24066162109375,1736.038330078125,3.963417801770604,-1.5446912228416128,211.7531519414166,208.20698873497304,204.73689544638728
1730527906.4159849,208.24166870117188,1735.6448974609375,3.9025304638872202,-1.5447125281303336,211.7558387887526,208.20790638177095,204.7398968414791
1730527906.5359771,208.2427520751953,1735.196533203125,3.8294976198718436,-1.5447226481424758,211.7558387887526,208.20790638177095,204.7398968414791
1730527906.6359792,208.24295043945312,1734.7982177734375,3.9981924595185707,-1.5456217313264864,211.75852563608862,208.20882402856887,204.74197859805224
1730527906.7559927,208.23855590820312,1734.314697265625,4.243240498352787,-1.5559356215961455,211.76108768876384,208.20974167536679,204.7440603546254
1730527906.8760064,208.22154235839844,1733.72705078125,4.54610754803063,-1.5880474853881028,211.76364974143905,208.2106593221647,204.74614211119854
1730527906.9959924,208.18914794921875,1733.176025390625,4.840620376803558,-1.6322410457813137,211.76632379875502,208.21154858222667,204.74822386777169
1730527907.1159794,208.1367950439453,1732.5921630859375,5.098107643050733,-1.6726555805877021,211.77167191338697,208.2133271023506,204.75225066010398
1730527907.2159815,208.0759735107422,1732.0672607421875,5.362633900648098,-1.6956663576704227,211.77452150022293,208.21434007956793,204.75426405627013
1730527907.315985,207.99392700195312,1731.5146484375,5.636768776944434,-1.7150179514153747,211.77734178840478,208.21535305678526,204.75599441160966
1730527907.4359765,207.87353515625,1730.848388671875,5.961364115272062,-1.7456698702977507,211.78016207658663,208.2163660340026,204.7577247669492
1730527907.5359843,207.75119018554688,1730.2374267578125,6.242402693657121,-1.7704132999856768,211.7829823647685,208.21737901121992,204.75945512228873
1730527907.655982,207.58871459960938,1729.5003662109375,6.574323154196184,-1.7863342096143886,211.78811240853736,208.22471160593489,204.76523046640364
1730527907.7559822,207.4317626953125,1728.84326171875,6.84396435142447,-1.7930565608379665,211.79001638384386,208.22909396805744,204.7681181384611
1730527907.8759892,207.20449829101562,1727.931640625,7.207805837261237,-1.7972393216460452,211.79467898051394,208.23785848453394,204.77342305285936
1730527907.9959767,206.9913787841797,1727.0946044921875,7.456701103349681,-1.7988121845858456,211.79998747299794,208.24662279324184,204.7782010541879
1730527908.0959795,206.80104064941406,1726.3531494140625,7.695651632355598,-1.7994526748280097,211.80253734411838,208.2510049475958,204.7802382319727
1730527908.1959856,206.60601806640625,1725.5880126953125,7.963758658975553,-1.797542922010314,211.8086469110084,208.2598218389346,204.78431258754233
1730527908.2959886,206.4150848388672,1724.802490234375,8.15838029281357,-1.7818648926730174,211.8117016944534,208.2642565759195,204.78723783970042
1730527908.4159818,206.20680236816406,1723.8677978515625,8.351338998094054,-1.744133758980993,211.81853826909446,208.27313063480813,204.7930883440166
1730527908.535977,206.01251220703125,1722.88916015625,8.58932101487113,-1.7090263715949143,211.82319150362287,208.28200927861565,204.79954401288262
1730527908.635978,205.8715057373047,1722.0294189453125,8.768257997624808,-1.6835846610691694,211.82820002614062,208.29101722151245,204.8058328250952
1730527908.735986,205.75343322753906,1721.139892578125,8.94265267757615,-1.652613695488202,211.8307042873995,208.2955858425055,204.81195478065433
1730527908.8559823,205.6373291015625,1720.0821533203125,9.149974700537452,-1.6285925150879053,211.8399649296548,208.30924778364295,204.81700975420813
1730527908.9759896,205.53334045410156,1718.85498046875,9.380532845107474,-1.6164442394593999,211.846098227026,208.3182971819457,204.82135936748364
1730527909.0959845,205.45541381835938,1717.749755859375,9.538280773820645,-1.611918996135137,211.85252439730743,208.32740128055445,204.82660901997804
1730527909.2159796,205.3827667236328,1716.6298828125,9.720638463204976,-1.6099605074694927,211.86137625157141,208.33656007946922,204.83585271062543
1730527909.3359778,205.3111572265625,1715.4852294921875,9.896708914472915,-1.6089165483221817,211.8668483521734,208.35020508584546,204.84189400508967
1730527909.435978,205.25613403320312,1714.47265625,10.026721992424775,-1.59837522409543,211.87233079755924,208.3591775007684,204.84709654603216
1730527909.5359786,205.21994018554688,1713.63427734375,10.131442363360854,-1.5784590401993814,211.8775521039438,208.36366370822986,204.85229908697465
1730527909.6559803,205.1782989501953,1712.267822265625,10.324751387704772,-1.5538386485538171,211.88261817702903,208.37612285498471,204.857013264716
1730527909.7759838,205.1643829345703,1710.882080078125,10.482569327486932,-1.543622762612273,211.89095558765803,208.38340522327792,204.86403774648238
1730527909.895988,205.16677856445312,1709.650390625,10.56679737328597,-1.539855454934247,211.89305385451405,208.3882601354734,204.86930359334565
1730527910.0159914,205.1712188720703,1708.40869140625,10.641574080833278,-1.5437575185634311,211.89201187944434,208.39530191517758,204.87871733717304
1730527910.1359777,205.17291259765625,1707.3408203125,10.70297395826645,-1.553238372044113,211.8994096927887,208.4002713327949,204.88244381333186
1730527910.235981,205.1684112548828,1706.0963134765625,10.77444432906872,-1.5586983849109934,211.90749975577046,208.40772545922084,204.88827846102345
1730527910.336001,205.157958984375,1705.012939453125,10.833198607475655,-1.5609082759835413,211.91159794576538,208.41266751129172,204.89379380208175
1730527910.4559793,205.14102172851562,1703.7335205078125,10.903829586309966,-1.5621839301456892,211.91513202556428,208.4176092031189,204.90085307458617
1730527910.55598,205.1273193359375,1702.83251953125,10.889184003947374,-1.5626297433121685,211.91849806184473,208.4225505347024,204.90810541297583
1730527910.6559963,205.10671997070312,1701.5716552734375,10.53350092104484,-1.5628566446370433,211.92689701835513,208.43016044541844,204.91906130729376
1730527910.7759855,205.08460998535156,1700.2628173828125,9.420088052391963,-1.5629562468618123,211.93341492338652,208.43523371922913,204.92659235987207
1730527910.8959818,205.0677032470703,1699.2298583984375,8.624327000691029,-1.5643469495830515,211.940378576561,208.44012419122703,204.93067110071547
1730527911.0159805,205.05374145507812,1698.3009033203125,7.672027536488489,-1.5677035978209874,211.9478688921174,208.44501466322492,204.9351711025588
1730527911.1359513,205.04275512695312,1697.4879150390625,6.720794283248956,-1.5726608058740612,211.95508742508412,208.4497976150643,204.93925988992487
1730527911.2359772,205.03512573242188,1696.8800048828125,5.928906826624945,-1.5774033631432742,211.95850677149554,208.452189090984,204.9413042836079
1730527911.3359795,205.02938842773438,1696.4217529296875,5.291931918556916,-1.5812068898121254,211.96192611790696,208.4545805669037,204.94360973477922
1730527911.4559789,205.01669311523438,1695.808837890625,4.453570259209006,-1.5849720669612792,211.9651192845762,208.45696676235423,204.94591518595053
1730527911.5559797,205.00294494628906,1695.341796875,4.673776242467356,-1.5809666726818001,211.96831245124542,208.45935295780475,204.94822063712184
1730527911.6559815,204.99331665039062,1694.8665771484375,4.910897138463335,-1.564765065874194,211.97150561791466,208.46173915325528,204.95077120698772
1730527911.775983,204.99716186523438,1694.190185546875,5.218758435911408,-1.5184170081591088,211.9746987845839,208.4642114425684,204.9533217768536
1730527911.8759928,205.02182006835938,1693.65380859375,5.451738282833777,-1.4666451565679688,211.97789195125313,208.46668373188152,204.9558723467195
1730527911.975996,205.06930541992188,1693.0914306640625,5.727152132192036,-1.4128423783295339,211.9842782845916,208.47401273181424,204.96130667447505
1730527912.0959826,205.15835571289062,1692.4051513671875,6.0669980481775285,-1.3620196773508977,211.98747145126083,208.4776772317806,204.96419043236472
1730527912.2159805,205.29150390625,1691.6826171875,6.344279705809366,-1.323240323453818,211.9907757798493,208.48134173174697,204.96707419025438
1730527912.3159845,205.44102478027344,1691.0491943359375,6.606459965779524,-1.2856444783451693,211.9973812686477,208.4886707316797,204.9723804564096
1730527912.4359808,205.6480712890625,1690.285400390625,6.9315225354854295,-1.2451841371680314,212.0019130312245,208.49225600661703,204.97480296467518
1730527912.5359874,205.85317993164062,1689.60400390625,7.190532642886453,-1.224193101456027,212.01011947676318,208.4994265564917,204.9794733202831
1730527912.6559823,206.12216186523438,1688.7762451171875,7.481844923937617,-1.2152427496644886,212.01354474332948,208.503289896997,204.98180849808705
1730527912.7559922,206.36354064941406,1688.0533447265625,7.715810439119463,-1.2211160851325493,212.02046447579278,208.51108747750595,204.985562930578
1730527912.8759851,206.69960021972656,1687.057861328125,8.030935581698822,-1.226955332138657,212.02606962386574,208.5189559575133,204.9884402904272
1730527912.9759917,206.9582061767578,1686.279052734375,8.243844462455888,-1.2292270085484946,212.02885558640696,208.52289019751697,204.9900824994579
1730527913.0959814,207.2564239501953,1685.347900390625,8.471391577083702,-1.24109884805585,212.03598558444787,208.53067439500262,204.99336691751932
1730527913.1959848,207.5025177001953,1684.5255126953125,8.628966409192387,-1.2702375588068429,212.04311558248878,208.53837430996657,204.99508123123064
1730527913.31598,207.7646484375,1683.54248046875,8.799538416766566,-1.3229878557824784,212.04987385273375,208.5460554955315,204.99679554494196
1730527913.4359794,207.9955291748047,1682.5308837890625,9.014066952103706,-1.369890383636518,212.0562271450467,208.55371795169742,204.99878098262593
1730527913.5559807,208.19332885742188,1681.467529296875,9.211751101132865,-1.4000900977657986,212.06252893727265,208.5611043874677,205.00045901050873
1730527913.6559842,208.33358764648438,1680.547607421875,9.374461833930003,-1.4201346460263888,212.06918089103397,208.568490823238,205.00182962859037
1730527913.7759852,208.49703979492188,1679.295654296875,9.594128194773043,-1.4331841353677772,212.0755774006193,208.57647119997512,205.00482349551874
1730527913.8959856,208.62091064453125,1678.1640625,9.766179141778013,-1.4467231137175218,212.0827079210784,208.58445157671224,205.00841031197206
1730527914.015986,208.7316131591797,1677.0185546875,9.913157009576894,-1.4645247477080476,212.0945429213374,208.59508645842493,205.0171905417336
1730527914.1359782,208.82928466796875,1675.861328125,10.083493249767765,-1.4735709732988287,212.10129287283542,208.60130932684797,205.02317865317298
1730527914.235979,208.89837646484375,1674.8499755859375,10.214281766179942,-1.4872979708215333,212.10804282433344,208.607532195271,205.02906477850047
1730527914.3559828,208.96922302246094,1673.635498046875,10.375143851296283,-1.5046942716941487,212.11816775158047,208.6168896434707,205.0377409873239
1730527914.4559922,209.01565551757812,1672.58544921875,10.48020142107085,-1.5148446438728769,212.12492046704915,208.62313590118947,205.04363102356183
1730527914.5760016,209.05165100097656,1671.187255859375,10.588818293825659,-1.5385339944013496,212.13188125544002,208.62938240263884,205.04962695682207
1730527914.6959827,209.06619262695312,1669.9476318359375,10.654448507999197,-1.550446313957274,212.14046486802567,208.63831640843296,205.05858101611966
1730527914.8159826,209.06610107421875,1669.060302734375,10.714724118917568,-1.5546626305950875,212.14655050019712,208.64483959403037,205.06416385321427
1730527914.9359787,209.05386352539062,1667.44921875,10.799181308162558,-1.5581796011306464,212.1548653823254,208.65412029579375,205.07302667094098
1730527915.0359814,209.0413818359375,1666.3544921875,10.859180452290067,-1.559146328606345,212.15908212934164,208.6601394047584,205.0785101791663
1730527915.1559815,209.02548217773438,1665.0869140625,10.93052127999915,-1.5596464702590618,212.16539517627473,208.66920318740495,205.08677765170728
1730527915.275985,209.0069580078125,1663.6256103515625,11.01325901816915,-1.559825434684315,212.17170663836566,208.67857246880112,205.09542781789003
1730527915.3759959,208.99330139160156,1662.5228271484375,11.068991669970476,-1.5598291631098413,212.17698739036553,208.68520257526507,205.10138927873015
1730527915.4959815,208.97767639160156,1661.220947265625,11.118527605919173,-1.5597886830612722,212.18378487627274,208.6873683475062,205.10736875317286
1730527915.615981,208.96224975585938,1659.921630859375,11.136725783238289,-1.5597519314382289,212.19291700077815,208.6850468050062,205.1161153231958
1730527915.73598,208.94691467285156,1658.650390625,10.782599483556448,-1.5595692385874496,212.19814913629511,208.68140737323688,205.12405330538297
1730527915.8359807,208.93577575683594,1657.78076171875,10.145311578391212,-1.5587532460294493,212.20051601596583,208.68038623085158,205.12669496550473
1730527915.9559846,208.91836547851562,1656.5267333984375,9.031806238889503,-1.5560219080154638,212.2083551527952,208.6773228036957,205.13464216533305
1730527916.0759912,208.90562438964844,1655.6790771484375,8.239711455470413,-1.5531467593026145,212.21122480953738,208.6763016613104,205.13730604491786
1730527916.1959898,208.88803100585938,1654.5577392578125,6.97020117640245,-1.548699280282182,212.22031581312274,208.6735569327251,205.14346676757475
1730527916.3159902,208.8794708251953,1654.012939453125,6.337900241925558,-1.5467120294767651,212.22370661547473,208.67239923288525,205.1452151891108
1730527916.4359803,208.8668212890625,1653.17236328125,5.224433217138803,-1.5446896249449589,212.2266208982959,208.67124153304542,205.14715435539767
1730527916.5359879,208.862060546875,1652.7144775390625,4.335582830191864,-1.5445777721791754,212.22965439417317,208.67008383320558,205.14909352168456
1730527916.6559803,208.86309814453125,1652.21533203125,4.22640849753347,-1.544623578549925,212.23268789005044,208.6690360648397,205.15103268797145
1730527916.7559805,208.86453247070312,1651.796630859375,4.1653721155439545,-1.544623578549925,212.23572138592772,208.66798829647382,205.15301655095936
1730527916.8559856,208.865234375,1651.3798828125,4.170955844696635,-1.545464072189954,212.23834976800174,208.66694052810794,205.15500041394728
1730527916.955986,208.86227416992188,1650.950439453125,4.377683948255875,-1.553125454013894,212.24097815007576,208.66589275974206,205.1569842769352
1730527917.0559886,208.85256958007812,1650.4952392578125,4.602927343428258,-1.5727561470410858,212.24360653214978,208.66484499137619,205.1586252041775
1730527917.1759906,208.8193817138672,1649.860595703125,4.905118579531541,-1.622330890732911,212.2462349142238,208.66366069121295,205.1612267493599
1730527917.2959943,208.75711059570312,1649.2755126953125,5.138496888199824,-1.6907773265412553,212.24886329629783,208.66247639104972,205.16382829454233
1730527917.415977,208.64976501464844,1648.6688232421875,5.338465781142533,-1.7812821930265084,212.2525391429392,208.6612920908865,205.16642983972474
1730527917.5159798,208.5157012939453,1648.135009765625,5.597768439148584,-1.8657877565241396,212.2596048207057,208.65928999591915,205.1706990225149
1730527917.615982,208.33480834960938,1647.5814208984375,5.88283169804825,-1.9463816690126625,212.26292377563993,208.65847220111505,205.17228413196187
1730527917.7359807,208.07012939453125,1646.9228515625,6.228811852179578,-2.0156227920902867,212.26581560678278,208.6613592337212,205.17386924140885
1730527917.85598,207.74673461914062,1646.2353515625,6.5467909427044155,-2.04739483652715,212.26870743792563,208.66424626632738,205.1767209265622
1730527917.9559839,207.4964141845703,1645.74267578125,6.738821356431704,-2.0462640583283025,212.27159926906847,208.66713329893355,205.17957261171557
1730527918.0759823,207.0208282470703,1644.8065185546875,7.067445649266628,-2.001513630951156,212.27738293135417,208.67559600305094,205.1852759820223
1730527918.1759915,206.72396850585938,1644.162109375,7.22827329624919,-1.941934722624448,212.28027476249702,208.67982735510964,205.18812766717565
1730527918.2759938,206.45518493652344,1643.491943359375,7.30720751045796,-1.865831698682126,212.28557833725733,208.6879965186979,205.19383103748237
1730527918.3959823,206.1965789794922,1642.6541748046875,7.555071261022319,-1.7690646752096606,212.28820800617825,208.69208110049203,205.19681371657737
1730527918.5159805,205.9970703125,1641.783203125,7.790145873082102,-1.6827079484383154,212.29300113491286,208.70021971386404,205.20277907476736
1730527918.6359808,205.8713836669922,1640.98974609375,8.015870228384621,-1.6282074219942797,212.29732805454023,208.7083277770198,205.20642971739687
1730527918.7559812,205.7601318359375,1639.8984375,8.305700138038706,-1.5978468529351584,212.3016549741676,208.71647858455026,205.2095155670071
1730527918.8559823,205.708984375,1639.052978515625,8.508325164553426,-1.5928347837636292,212.30512485926283,208.7246721364554,205.212036623598
1730527918.9759996,205.65614318847656,1637.90234375,8.774745448656558,-1.5900278119746856,212.3083757717102,208.73275208907285,205.2173990867458
1730527919.0959852,205.6118621826172,1636.8648681640625,8.954419352604681,-1.5891542951371396,212.31193582348442,208.74071844240257,205.22646183952895
1730527919.2159815,205.5701904296875,1635.798828125,9.155607066960982,-1.5846210623296069,212.31553818590442,208.74893448425314,205.23514215925832
1730527919.3159819,205.54302978515625,1634.875,9.313853900788004,-1.5676977388665894,212.32048324354514,208.75740021462457,205.24275933381614
1730527919.4359758,205.51849365234375,1633.782958984375,9.505099252638162,-1.552457533212502,212.32542830118587,208.765467554211,205.24931336320242
1730527919.5559795,205.50823974609375,1632.648681640625,9.687830639363693,-1.5453261204454878,212.3303733588266,208.77353489379743,205.2558673925887
1730527919.6559992,205.50680541992188,1631.666259765625,9.833938534636967,-1.54372289746926,212.3357606427778,208.7815299829681,205.2625549620409
1730527919.7760231,205.50421142578125,1630.67138671875,9.975690792992834,-1.5517278270738202,212.34131744192632,208.78952507213876,205.2692864757338
1730527919.8959854,205.49822998046875,1629.1561279296875,10.20228270946923,-1.5594621795116284,212.3464951276295,208.80200337850613,205.28123339454487
1730527920.0159798,205.49200439453125,1627.9583740234375,10.329736188235177,-1.554379802887321,212.35396281939143,208.8145332651378,205.2930650648242
1730527920.13598,205.48997497558594,1626.925048828125,10.44760322724315,-1.5413143345793925,212.36114651032813,208.82125504398834,205.2988381795809
1730527920.2559822,205.49661254882812,1625.510009765625,10.571290687702257,-1.5324992713712302,212.37210848876384,208.831418311849,205.30691365715472
1730527920.3559911,205.5084686279297,1624.445068359375,10.637039813598616,-1.5311921919082194,212.37941647438765,208.83830128986926,205.31161389680676
1730527920.4759881,205.5169219970703,1623.035400390625,10.713952714411588,-1.5477085843566727,212.38780461205965,208.8486595813614,205.31865027788376
1730527920.5759935,205.5178680419922,1621.958251953125,10.773415585851199,-1.557804628049163,212.3924605268552,208.85560965774448,205.3233225607337
1730527920.69598,205.50685119628906,1620.695556640625,10.832461687289962,-1.5633104472867927,212.39712790242208,208.86259300802863,205.3279867958122
1730527920.7959805,205.4922332763672,1619.6068115234375,10.889635654177523,-1.564063056610849,212.40583582177044,208.8731382597033,205.33547025853272
1730527920.8959835,205.48358154296875,1618.5078125,10.952016873336891,-1.5515414057975145,212.41474172089886,208.88026206248435,205.34126789193044
1730527921.0159872,205.47900390625,1617.23828125,11.010782405576787,-1.5386959145956265,212.42363805041418,208.8871941736553,205.3423199251248
1730527921.1359806,205.48757934570312,1615.93994140625,11.076579793276018,-1.532892886580344,212.43407303148,208.89759234041173,205.34416050209745
1730527921.2559843,205.5046844482422,1614.64306640625,11.133082051309046,-1.5304172120310062,212.44023549501003,208.90451697661445,205.3465097944894
1730527921.3559914,205.52261352539062,1613.526123046875,11.172558853338295,-1.529464865625194,212.44947919030506,208.9149039309185,205.35158583110206
1730527921.4759884,205.5487060546875,1612.03759765625,11.18779055519331,-1.5289151891762016,212.45872288560008,208.9253424096613,205.3566618677147
1730527921.575995,205.56895446777344,1610.9267578125,11.120795460313047,-1.5287474100275265,212.4602961230289,208.93185590490896,205.36004589212314
1730527921.695982,205.59300231933594,1609.630126953125,11.053868363843435,-1.5286557972860277,212.4640130358673,208.9383694001566,205.36315672609862
1730527921.7959824,205.61302185058594,1608.551513671875,10.402709540122821,-1.5286110561797144,212.46841454256105,208.95044314127108,205.36394365855097
1730527921.9159791,205.63368225097656,1607.4132080078125,9.61552128630547,-1.5284358201799872,212.47396588797778,208.9589201605661,205.3739696818983
1730527922.0159843,205.64971923828125,1606.5018310546875,8.820649736446786,-1.528029954429859,212.47891980779013,208.9673971798611,205.38648708575397
1730527922.1159859,205.6636505126953,1605.6810302734375,8.027990533431735,-1.5273609683640312,212.48138290839108,208.97160764564876,205.39399147793597
1730527922.2359838,205.6757049560547,1604.939208984375,7.235900985486956,-1.5264895820553572,212.4862757710756,208.98002857722406,205.40900026229997
1730527922.3559792,205.6891632080078,1604.0728759765625,6.128196661096816,-1.5252549405739966,212.4910735980901,208.98844950879936,205.4209035508636
1730527922.4759881,205.6999053955078,1603.348876953125,5.009913782001479,-1.5242599835907429,212.4947835640528,208.99368998488603,205.4286473678318
1730527922.5959888,205.70729064941406,1602.835205078125,4.158149010921817,-1.5237688966857323,212.49757184942723,208.9977743397643,205.43118230279913
1730527922.7159808,205.71270751953125,1602.4483642578125,3.0298681652567514,-1.523651184965551,212.49757184942723,208.9977743397643,205.43371723776647
1730527922.815981,205.71572875976562,1602.22119140625,1.9961168708415575,-1.5237316124304714,212.50058884716293,209.00185869464258,205.43371723776647
1730527922.9359937,205.71902465820312,1602.048583984375,1.4681853871982276,-1.5237784840656565,212.50058884716293,209.00185869464258,205.43371723776647
1730527923.0559816,205.72467041015625,1601.8671875,1.5896486331746085,-1.5213310390238737,212.50372801487765,209.00594304952085,205.43625217273382
1730527923.1759858,205.7343292236328,1601.644775390625,1.7291234930385222,-1.5093457488540811,212.50372801487765,209.00594304952085,205.43625217273382
1730527923.2759893,205.7449188232422,1601.4664306640625,1.824821487219613,-1.491568615945584,212.50372801487765,209.00594304952085,205.43878710770116
1730527923.3759942,205.75994873046875,1601.2801513671875,1.915657518352912,-1.46514686213869,212.50686718259237,209.01002740439912,205.43878710770116
1730527923.4959874,205.78546142578125,1601.051025390625,2.028464401392198,-1.4227482723201925,212.50686718259237,209.01002740439912,205.43878710770116
1730527923.596001,205.81552124023438,1600.8448486328125,2.1398777160186078,-1.3800700505872368,212.5100063503071,209.0141117592774,205.4413220426685
1730527923.7159858,205.863525390625,1600.5943603515625,2.2606018641749355,-1.326072861589226,212.5100063503071,209.0141117592774,205.4413220426685
1730527923.835981,205.91969299316406,1600.364501953125,2.3884692724651195,-1.2754035586893786,212.51314551802182,209.01831275588154,205.44385697763585
1730527923.9559774,206.0166473388672,1600.0440673828125,2.595175675936529,-1.2067078510030027,212.51314551802182,209.01831275588154,205.44385697763585
1730527924.0559938,206.10784912109375,1599.7891845703125,2.7669728237699758,-1.1604684502603928,212.5159133143361,209.02251375248568,205.44915654844056
1730527924.1759868,206.2552490234375,1599.430908203125,3.0206371883987715,-1.1121103051335435,212.5186811106504,209.02671474908982,205.45445611924526
1730527924.2959774,206.40869140625,1599.095458984375,3.2066428184317934,-1.085039805285106,212.5186811106504,209.02671474908982,205.45445611924526
1730527924.4159799,206.554931640625,1598.7938232421875,3.395189124791604,-1.0745544074412459,212.52144890696468,209.03091574569396,205.45975569004997
1730527924.5359766,206.76950073242188,1598.3662109375,3.671244757220376,-1.0726001798333458,212.5242341350728,209.0351580792177,205.46254008299013
1730527924.6559784,206.96762084960938,1597.965576171875,3.8984937955543804,-1.0862936215263153,212.5242341350728,209.0351580792177,205.4653244759303
1730527924.7559865,207.1401824951172,1597.6009521484375,4.089972319471841,-1.1116783404047326,212.5273678866414,209.03940041274143,205.4653244759303
1730527924.8759863,207.36480712890625,1597.07861328125,4.365517519690883,-1.1683892239745066,212.53050163821,209.04364274626516,205.46810886887044
1730527924.975988,207.52468872070312,1596.656494140625,4.607729110204484,-1.2213408559285521,212.53363538977862,209.0478850797889,205.4702510698478
1730527925.09598,207.69569396972656,1596.1202392578125,4.893245171222098,-1.2849222290575397,212.5367117067807,209.05191520400047,205.47239327082514
1730527925.1959827,207.8170623779297,1595.6385498046875,5.132951063944226,-1.344681966022264,212.54019544559833,209.05594532821203,205.47453547180248
1730527925.2959836,207.92185974121094,1595.119873046875,5.406102188440608,-1.4040480877778743,212.54367918441596,209.0599754524236,205.4774261628943
1730527925.4159772,208.01861572265625,1594.4705810546875,5.693652303478119,-1.4603920543284628,212.5471629232336,209.06400557663517,205.4832075450779
1730527925.5159786,208.07933044433594,1593.8837890625,5.9779523637623955,-1.4910833879949719,212.55413040086887,209.06856624775912,205.4860982361697
1730527925.6159804,208.12213134765625,1593.2625732421875,6.259831808643051,-1.5080450609776865,212.5576141396865,209.07060327973818,205.48898892726152
1730527925.7159874,208.1427459716797,1592.83740234375,6.481695999885746,-1.5145287929675935,212.56109787850414,209.07264031171724,205.49187961835332
1730527925.8359838,208.1825408935547,1591.8369140625,6.849737384762509,-1.5148206754230662,212.5680653561394,209.07671437567535,205.49766100053694
1730527925.9559844,208.21817016601562,1591.0048828125,7.157547985147565,-1.4970296940769006,212.5701335546372,209.0787514076544,205.50055169162874
1730527926.0759847,208.26617431640625,1590.0245361328125,7.506269787207116,-1.483535456833469,212.5742699516328,209.08241472574719,205.50585864516802
1730527926.1759892,208.31260681152344,1589.2625732421875,7.7436138787528,-1.4788509564760197,212.57843364601888,209.08607804383996,205.51069117006296
1730527926.2959895,208.37449645996094,1588.3385009765625,8.01351390157843,-1.4767955287466965,212.5857682853515,209.0899117880689,205.51478160137253
1730527926.415983,208.43605041503906,1587.3892822265625,8.225479201103623,-1.4844052452454892,212.59386346885333,209.09391595843397,205.51748821040064
1730527926.535981,208.49827575683594,1586.41796875,8.470720867778068,-1.4899611319116124,212.60108550923962,209.09792012879905,205.51985142796286
1730527926.6559813,208.55752563476562,1585.405517578125,8.702772735303828,-1.492572095044326,212.60667386234115,209.1016006538049,205.5218712540592
1730527926.776014,208.62200927734375,1584.2294921875,8.958636470080387,-1.4938914250483515,212.61226221544268,209.10525997498098,205.52576661514115
1730527926.8959892,208.67567443847656,1583.16650390625,9.160578068953598,-1.4977157243737051,212.6174573356194,209.1088980923273,205.52911565912348
1730527926.9959936,208.71458435058594,1582.2415771484375,9.323539074992397,-1.5113969155256601,212.62247104104745,209.11272891509213,205.53277906351968
1730527927.1159828,208.755126953125,1581.1429443359375,9.483339427572615,-1.5219978945608297,212.62822953001296,209.11675244327546,205.53675682832977
1730527927.2359776,208.7852783203125,1580.03076171875,9.668024575981184,-1.5266983738848194,212.63452098433982,209.12077597145878,205.54073459313986
1730527927.3359783,208.80340576171875,1579.208740234375,9.787601211450927,-1.5283681758882994,212.6395859125971,209.1248011964061,205.54280619757742
1730527927.4559808,208.82568359375,1578.0626220703125,9.96222133588999,-1.5295159983181232,212.644544732623,209.1284728396962,205.54571940494952
1730527927.5559812,208.84698486328125,1576.87451171875,10.13218318485845,-1.5300465000072672,212.65138507768097,209.13884784935,205.5514486290823
1730527927.6759872,208.870361328125,1575.510986328125,10.325626386259177,-1.530318142438455,212.6558403573256,209.14576789645878,205.55539745673457
1730527927.7760003,208.8878173828125,1574.469482421875,10.44474418679891,-1.530415614134352,212.65972224720622,209.15615302813137,205.55930057075136
1730527927.876011,208.90530395507812,1573.4188232421875,10.53785143933663,-1.5304656815628457,212.6658659322086,209.16311322767353,205.5619506778338
1730527927.9959815,208.92581176757812,1572.18798828125,10.623948180107316,-1.5304875194837841,212.66934164189092,209.1701102056428,205.564745425777
1730527928.1159773,208.94671630859375,1570.9375,10.685262721521944,-1.5304869868515663,212.67575952498544,209.18053614585892,205.5689375476918
1730527928.2159832,208.9646759033203,1569.866455078125,10.744750035328972,-1.5304987047603626,212.682326302633,209.18739407035264,205.57270143680626
1730527928.33598,208.98239135742188,1568.7877197265625,10.774386615247797,-1.5306627554835115,212.68900457402776,209.19425199484635,205.57631715832633
1730527928.455984,209.0035400390625,1567.34375,10.855906077367163,-1.5316364071780444,212.6998043289077,209.20461758384363,205.5904860825127
1730527928.575994,209.01675415039062,1566.248291015625,10.928615927246383,-1.5323352206480814,212.707662322151,209.21152797650848,205.6008593897585
1730527928.6959953,209.0355224609375,1564.61376953125,10.70540740134788,-1.5332172596011155,212.71657723630915,209.22207130064828,205.61465666254003
1730527928.8159802,209.05477905273438,1563.42724609375,9.891592200736493,-1.5411763828349263,212.72498786335336,209.23265173347784,205.627648266582
1730527928.935979,209.0805206298828,1562.36328125,8.96573300148106,-1.5592523224177302,212.72891507824625,209.2395945213167,205.63602428598426
1730527929.035994,209.10897827148438,1561.524658203125,8.179156220399596,-1.583808798197133,212.73108318928064,209.24306591523612,205.6402122956854
1730527929.1559885,209.14675903320312,1560.63671875,7.199099017697588,-1.6192964849868745,212.73705393324587,209.25000870307497,205.64858831508764
1730527929.2759933,209.1842041015625,1559.7708740234375,6.083667162682262,-1.6540225077048538,212.74465919910756,209.25750219316058,205.65809295854535
1730527929.3959906,209.206298828125,1559.1258544921875,5.107506164007325,-1.671807630096621,212.7484618320384,209.26121075803417,205.66340959230195
1730527929.515978,209.21713256835938,1558.59521484375,4.286225657966844,-1.6767712297363107,212.7514974060116,209.26491932290776,205.66872622605854
1730527929.6159935,209.21717834472656,1558.2364501953125,3.3874110937106403,-1.6712387788877798,212.7545329799848,209.26878681457674,205.6715221555536
1730527929.735977,209.20803833007812,1557.94970703125,2.1402556412131486,-1.6569562459616851,212.757840568888,209.27265430624573,205.67431808504864
1730527929.8559804,209.18643188476562,1557.76171875,1.5467022583552097,-1.6467803074364924,212.757840568888,209.27265430624573,205.67431808504864
1730527929.9559877,209.16558837890625,1557.604736328125,1.6156470604438475,-1.6438471018118792,212.757840568888,209.27265430624573,205.67431808504864
1730527930.0559902,209.14691162109375,1557.436767578125,1.7178314961137495,-1.643102481971093,212.76114815779124,209.2765217979147,205.6771140145437
1730527930.1759849,209.1225128173828,1557.1971435546875,1.8709427959508902,-1.6497044583133993,212.76114815779124,209.2765217979147,205.6771140145437
1730527930.2759888,209.10264587402344,1557.0025634765625,1.9938272869946505,-1.6638671489904406,212.76114815779124,209.2765217979147,205.6771140145437
1730527930.3759968,209.07815551757812,1556.7979736328125,2.0937627536148367,-1.6874787352150833,212.76411992769238,209.2803892895837,205.67925749205358
1730527930.4959853,209.03907775878906,1556.550537109375,2.194553424911968,-1.7281595861304797,212.76411992769238,209.2803892895837,205.67925749205358
1730527930.6159823,208.99378967285156,1556.330322265625,2.2950767978306383,-1.773574472199601,212.76709169759351,209.28425678125268,205.68140096956347
1730527930.7359834,208.91268920898438,1556.02734375,2.450961454318531,-1.8421604576490656,212.76709169759351,209.28425678125268,205.68140096956347
1730527930.8559904,208.81497192382812,1555.73876953125,2.6689606936244856,-1.9066819266428512,212.76999887966838,209.28815868608297,205.68354444707336
1730527930.975986,208.71258544921875,1555.478759765625,2.8556487544168583,-1.9554465367310743,212.76999887966838,209.28815868608297,205.68592025376313
1730527931.0759864,208.5504150390625,1555.1123046875,3.1169097068306573,-2.0037224567592675,212.77290606174324,209.29206059091325,205.68592025376313
1730527931.1759984,208.4127960205078,1554.8206787109375,3.2912339247912232,-2.020596778058228,212.7758132438181,209.29596249574354,205.6882960604529
1730527931.2959929,208.23849487304688,1554.4613037109375,3.5117862806725233,-2.0194785167165032,212.7758132438181,209.29986440057382,205.69063614203515
1730527931.4159808,208.05410766601562,1554.077392578125,3.709389439004475,-2.000439578083527,212.77872042589297,209.29986440057382,205.69063614203515
1730527931.515995,207.9447021484375,1553.84765625,3.883436791717019,-1.9876920912097538,212.78162760796783,209.30377050274717,205.6929762236174
1730527931.6359804,207.6963653564453,1553.294921875,4.17054887764211,-1.9551996616980238,212.78444661282583,209.30767660492052,205.69531630519964
1730527931.7559886,207.49530029296875,1552.81298828125,4.452390679253913,-1.921457677002829,212.78726561768383,209.31158270709386,205.6976521575192
1730527931.8759894,207.27786254882812,1552.2413330078125,4.794433593911723,-1.8800505820581679,212.79019104393774,209.31549455306106,205.69998800983876
1730527931.9959912,207.08499145507812,1551.6910400390625,5.099331587853596,-1.8517449080961519,212.79311647019165,209.31940639902825,205.70232386215832
1730527932.1159801,206.8942108154297,1551.105712890625,5.357676100429533,-1.836900980812268,212.79612780929256,209.32331824499545,205.70474364557288
1730527932.2159824,206.78880310058594,1550.756103515625,5.572710527176445,-1.8290784777423783,212.7981616100867,209.32723009096264,205.70716342898743
1730527932.3359795,206.55908203125,1549.9168701171875,5.947340366569178,-1.796469668091012,212.80155575938238,209.3349708669009,205.71132986679584
1730527932.4359818,206.40916442871094,1549.321533203125,6.232873017424798,-1.7727164016963772,212.80325283403022,209.33879979687197,205.71341308570004
1730527932.5559807,206.24642944335938,1548.579345703125,6.553540943439053,-1.742120941829111,212.80499927981737,209.34262872684303,205.71562959775838
1730527932.6759918,206.08798217773438,1547.694091796875,6.914778899275213,-1.692277751499406,212.80944735611365,209.35056592983142,205.71959158241827
1730527932.7759995,205.98379516601562,1546.9942626953125,7.176181285359228,-1.659075056924952,212.8121489866228,209.3545345313256,205.72133705501983
1730527932.8959892,205.87954711914062,1546.136474609375,7.475672255134963,-1.6371609695791263,212.81768090147898,209.362471734314,205.72469637550887
1730527932.9959934,205.80552673339844,1545.38134765625,7.714041216474418,-1.628089710274098,212.8233414701731,209.37005033804905,205.72792407128384
1730527933.115979,205.7277374267578,1544.46337890625,7.9419420800883405,-1.6228832303429932,212.82734922864438,209.37383963991658,205.7311517670588
1730527933.2359793,205.66140747070312,1543.530029296875,8.193657278697286,-1.6124649441586032,212.83536474558696,209.37956645006102,205.73281087941507
1730527933.3559957,205.5990447998047,1542.5445556640625,8.44112579525374,-1.5988892141858153,212.8441480319202,209.38249127273923,205.7361291041276
1730527933.4759939,205.54266357421875,1541.401123046875,8.705400034869479,-1.5869300229947056,212.85154264464097,209.38545321594313,205.7408455177108
1730527933.576051,205.51690673828125,1540.5203857421875,8.879740239884036,-1.5650803841472594,212.85362536747834,209.38644053034443,205.74249338600896
1730527933.6959882,205.49961853027344,1539.4661865234375,9.091754479456364,-1.541902360548082,212.85769073786025,209.38948316580922,205.7474692359424
1730527933.815979,205.50100708007812,1538.394287109375,9.260218377344886,-1.5309599642611642,212.85872065648607,209.39151158945242,205.7511417601421
1730527933.915984,205.51742553710938,1537.453125,9.416732497788683,-1.5220058840440998,212.8610483675153,209.39358397268938,205.75515882690627
1730527934.0359764,205.55056762695312,1536.3515625,9.600932952647526,-1.5042660353908641,212.86354320746364,209.39565635592635,205.75967604366008
1730527934.1359828,205.5886993408203,1535.3822021484375,9.752227319619486,-1.4956267408146469,212.8682147303042,209.39783113836074,205.76505694245702
1730527934.2559786,205.64700317382812,1534.208984375,9.928119423174474,-1.4907494275942759,212.87495254397788,209.40010831999257,205.7712040648879
1730527934.355981,205.70053100585938,1533.1683349609375,10.065253945722048,-1.494145490616345,212.88169035765156,209.40192588026298,205.7772537289096
1730527934.4559855,205.74774169921875,1532.162353515625,10.202623766605623,-1.507855443908073,212.88878019524088,209.4037434405334,205.78379202705526
1730527934.5759792,205.7978515625,1530.9490966796875,10.364783937901107,-1.5176819756982471,212.8965959581991,209.40679753727636,205.79390505476988
1730527934.6759846,205.83120727539062,1529.906982421875,10.475693698809971,-1.5215643319353647,212.9060455900036,209.40883360177168,205.7985570283687
1730527934.795983,205.86378479003906,1528.6790771484375,10.577170266412084,-1.5237103071417506,212.9121356517361,209.4111789814449,205.80346158953625
1730527934.8959901,205.8889617919922,1527.61279296875,10.644203449183367,-1.5245891503014768,212.91783445311637,209.41439508198005,205.80824789507597
1730527935.0159833,205.92054748535156,1526.1890869140625,10.729350299356842,-1.525139892014905,212.92635873177028,209.4192631007104,205.8153368703322
1730527935.1159837,205.94358825683594,1525.1201171875,10.789438693149982,-1.5253220522334665,212.93202631852319,209.42283586218957,205.81979259895195
1730527935.235977,205.97084045410156,1523.8536376953125,10.786591855016589,-1.5254227197226717,212.9403868263886,209.42845122881613,205.8254521757832
1730527935.3359797,205.99020385742188,1522.96240234375,10.720362757293474,-1.5254690587256388,212.9432730191637,209.431881607793,205.82902230953346
1730527935.4559793,206.0198974609375,1521.6217041015625,9.779964251092958,-1.5263542934719814,212.95163403441336,209.43541075600513,205.83261081757928
1730527935.5759766,206.04409790039062,1520.5478515625,8.823868215533599,-1.5279489943327207,212.95681129381217,209.4390386734525,205.8361993256251
1730527935.675979,206.06298828125,1519.7091064453125,8.027686912747253,-1.5293807097347474,212.96237457553468,209.44266659089988,205.84060033748597
1730527935.795984,206.0816650390625,1518.8592529296875,7.076300890843392,-1.530478997368296,212.9671233011578,209.4461197841564,205.84545317836614
1730527935.895985,206.0953369140625,1518.2080078125,6.285103260385613,-1.5306904523588483,212.96988850345463,209.44784638078465,205.8481163858321
1730527936.0159867,206.10665893554688,1517.633056640625,5.493059111951291,-1.530172733842937,212.97241875750615,209.4496492135729,205.85077959329806
1730527936.1159997,206.11822509765625,1516.98974609375,4.333197330944499,-1.5286829615291464,212.97494901155767,209.45145204636117,205.85344280076401
1730527936.2359776,206.12522888183594,1516.566162109375,3.3903643419225133,-1.5273513809841068,212.97721606842458,209.45325487914943,205.856108610207
1730527936.3559778,206.13150024414062,1516.208984375,3.073755344992969,-1.5266951780915115,212.9794831252915,209.455058740813,205.85877441965
1730527936.4759808,206.13848876953125,1515.8533935546875,3.0021258969987046,-1.5264842557331773,212.9817501821584,209.45686260247658,205.86144022909298
1730527936.5759854,206.14468383789062,1515.55615234375,2.942562134547626,-1.5264198072347972,212.9817501821584,209.45686260247658,205.86144022909298
1730527936.6959827,206.1529541015625,1515.206787109375,3.061405032280426,-1.525472787151165,212.98467052966373,209.45866646414015,205.86449711306636
1730527936.8159845,206.16900634765625,1514.7803955078125,3.3015443561928954,-1.511764964388309,212.9869691304841,209.46047032580373,205.86755399703975
1730527936.9159853,206.18801879882812,1514.4407958984375,3.4714500195964146,-1.4872596213018359,212.9892677313045,209.46221948547532,205.87061088101314
1730527937.035977,206.22317504882812,1514.0247802734375,3.6221865117520355,-1.4433094738322583,212.9892677313045,209.46221948547532,205.87061088101314
1730527937.1559806,206.281005859375,1513.5947265625,3.815926424168705,-1.3815843239830559,212.99156633212488,209.4639686451469,205.87366776498652
1730527937.275977,206.37118530273438,1513.137451171875,4.045069136276912,-1.3034626239344536,212.99386493294526,209.4657178048185,205.8767246489599
1730527937.3759804,206.47828674316406,1512.73095703125,4.286946708563631,-1.2355637340462293,212.99616353376564,209.4674669644901,205.87973252334996
1730527937.475988,206.6163330078125,1512.307373046875,4.538797807484803,-1.1749310128761772,212.99846213458602,209.4694726985034,205.88274039774
1730527937.5959823,206.81739807128906,1511.7861328125,4.833805372795188,-1.1180160645878758,213.0007607354064,209.47147843251673,205.88574827213006
1730527937.695996,207.01856994628906,1511.326904296875,5.1037201070387495,-1.0858057304146127,213.00299835640965,209.47348416653006,205.88911381010314
1730527937.8159895,207.32078552246094,1510.692138671875,5.470941379578317,-1.0704760425478985,213.00511346108863,209.47537130368835,205.89247934807622
1730527937.9359758,207.6099395751953,1510.0989990234375,5.717605099115437,-1.085879766292917,213.0072285657676,209.47728781282876,205.8958448860493
1730527938.035976,207.85958862304688,1509.56494140625,5.945434403913143,-1.121619854174971,213.00843169945767,209.47920432196918,205.89858095721434
1730527938.1359825,208.09951782226562,1509.0018310546875,6.17105621655429,-1.1763105303208383,213.00963483314774,209.4811208311096,205.90131702837937
1730527938.255976,208.32327270507812,1508.4056396484375,6.432613719158759,-1.239087628800622,213.01232273486232,209.48521862797634,205.90632489175084
1730527938.3759747,208.58761596679688,1507.55859375,6.817991475827683,-1.312211640747582,213.01394265279657,209.48744071911733,205.909262879999
1730527938.47598,208.7683563232422,1506.8399658203125,7.087040583014383,-1.3524125900345458,213.0211307247149,209.49188490139932,205.91513885649533
1730527938.595979,208.92584228515625,1506.0263671875,7.258030140764498,-1.392652421473425,213.02472476067408,209.49384697918413,205.91719691630806
1730527938.6959832,209.0445098876953,1505.29296875,7.395250566201663,-1.4209309311923226,213.03251418655339,209.49777113475375,205.9213130359335
1730527938.7959838,209.14974975585938,1504.537353515625,7.764496414659201,-1.443063930379753,213.03640889949304,209.49977127875752,205.92337109574623
1730527938.8959842,209.23696899414062,1503.75390625,7.958036316335043,-1.4512803149748656,213.0416945850053,209.50377156676507,205.92748721537168
1730527938.995988,209.30499267578125,1503.0771484375,8.130183359681247,-1.455326189302914,213.04433742776143,209.50577171076884,205.93042033289169
1730527939.115982,209.39010620117188,1502.121337890625,8.373353580747196,-1.462618989631987,213.04869251778894,209.5097719987764,205.9362865679317
1730527939.235997,209.48428344726562,1500.830322265625,8.680036061752107,-1.4883488541876786,213.05772550818688,209.51529945690982,205.94406550012036
1730527939.3559868,209.5382080078125,1499.951904296875,8.86464404681573,-1.4985311842994873,213.06578899771466,209.51948270873606,205.9482153315546
1730527939.4759848,209.5975341796875,1498.7545166015625,9.074768296734579,-1.5046239642413708,213.07069353719066,209.5235085048722,205.95236516298883
1730527939.5959847,209.64395141601562,1497.686767578125,9.275033177051348,-1.5066985667305426,213.07583707990057,209.5275543079656,205.95744382672376
1730527939.7159832,209.68165588378906,1496.7506103515625,9.434410297189123,-1.5088322913959138,213.08017658509573,209.53162011801624,205.9633286613672
1730527939.8159838,209.7119903564453,1495.794921875,9.582664482778931,-1.5210844303069324,213.08402984224324,209.53568592806687,205.9686986665498
1730527939.9359932,209.7484588623047,1494.3251953125,9.82184903181792,-1.5366042678754783,213.08937198859553,209.54785727588546,205.97721207764982
1730527940.0559835,209.7632293701172,1493.1715087890625,9.994731729877882,-1.5413931641476586,213.09337069558967,209.56011547596938,205.9861861655536
1730527940.155988,209.76991271972656,1492.1632080078125,10.135910603701852,-1.5433777517919856,213.0964688432731,209.5684034123791,205.99218837887383
1730527940.2759774,209.77403259277344,1490.9678955078125,10.275298118975337,-1.544534628969516,213.09905499402146,209.5766913487888,205.9981321801588
1730527940.3759778,209.7760009765625,1489.9326171875,10.403638504561261,-1.5450161284946025,213.10322689716838,209.58477222087515,206.003766627809
1730527940.4959779,209.7777099609375,1488.718505859375,10.52331925388867,-1.5452563456249275,213.10933470329303,209.5928530929615,206.00915013385975
1730527940.5959787,209.77935791015625,1487.656494140625,10.599092050812605,-1.5453112067433832,213.11830181037283,209.60540192721385,206.01484614146784
1730527940.6959796,209.78146362304688,1486.593505859375,10.662847603219303,-1.5452920319835348,213.12426501892162,209.61391032542303,206.0176971027886
1730527940.7959876,209.78399658203125,1485.523681640625,10.723222748129132,-1.545237703497297,213.13011283451533,209.62225172430476,206.0204033565226
1730527940.915982,209.78684997558594,1484.4451904296875,10.78322044260594,-1.5451881687010216,213.13560166397815,209.63042612385902,206.02426964825167
1730527941.0160007,209.78973388671875,1483.3653564453125,10.780042809568936,-1.5451572760323766,213.14094259418084,209.6386005234133,206.02944401534228
1730527941.1360004,209.79348754882812,1481.757568359375,10.54515843453771,-1.54506513065866,213.14879377448335,209.65095053410334,206.0367604555256
1730527941.255982,209.79490661621094,1480.5906982421875,9.60001487314701,-1.5439322219309402,213.15614155767287,209.66285181603655,206.04331266481074
1730527941.375976,209.79486083984375,1479.5318603515625,8.808902764742715,-1.5417441687793312,213.15986052364804,209.6701876989829,206.0461211682756
1730527941.4759767,209.7942657470703,1478.71142578125,8.01597698999376,-1.5396818168311739,213.16109143862673,209.67385564045605,206.04752542000801
1730527941.5759888,209.79364013671875,1477.9722900390625,7.22840987495688,-1.5380184064143103,213.16180745692395,209.68103678655416,206.05237382560074
1730527941.6959777,209.79324340820312,1477.212158203125,6.280455710043035,-1.537043156823123,213.16141098180822,209.6845499911791,206.0561150607125
1730527941.7959807,209.79330444335938,1476.640869140625,5.491952193126693,-1.5370889631938727,213.16054582867878,209.69157640042897,206.06352954106205
1730527941.9159818,209.793701171875,1476.15234375,4.677350531308002,-1.5377680692718427,213.16007715066507,209.6950896050539,206.06720278629984
1730527942.0360053,209.7943115234375,1475.576171875,3.2305452609776912,-1.5390687571482373,213.16245639365331,209.69867639527047,206.07087603153764
1730527942.155987,209.7942352294922,1475.28515625,2.000241925194469,-1.5393425301082977,213.16245639365331,209.69867639527047,206.07087603153764
1730527942.2759793,209.795166015625,1475.076904296875,1.7832390873110688,-1.539251449999017,213.16483563664156,209.70226318548703,206.07354297353095
1730527942.3759878,209.79624938964844,1474.9005126953125,1.7269375077885163,-1.539285005828752,213.16483563664156,209.70226318548703,206.07354297353095
1730527942.495979,209.795654296875,1474.6976318359375,1.7972163841520492,-1.5423742726932437,213.16483563664156,209.70226318548703,206.07354297353095
1730527942.595983,209.79310607910156,1474.509765625,1.9077040861595207,-1.551550460545221,213.1672148796298,209.7058499757036,206.07620991552426
1730527942.715984,209.7877960205078,1474.311767578125,2.0152678521293663,-1.5688146686277686,213.1672148796298,209.7058499757036,206.07620991552426
1730527942.8160243,209.77789306640625,1474.10302734375,2.1185367719891177,-1.5956348313337385,213.16959164539082,209.70943676592015,206.07857610358792
1730527942.935991,209.74989318847656,1473.7724609375,2.28438874723182,-1.65490135086458,213.16959164539082,209.70943676592015,206.07857610358792
1730527943.0559883,209.71353149414062,1473.499267578125,2.435749080395937,-1.7114557071412846,213.17196841115185,209.7130235561367,206.08094229165158
1730527943.1559885,209.66778564453125,1473.2529296875,2.573268105300593,-1.7645538129552845,213.17196841115185,209.7130235561367,206.08094229165158
1730527943.2759962,209.59510803222656,1472.9490966796875,2.7368183755377085,-1.82758284647419,213.17451024261072,209.71655383405505,206.08330847971524
1730527943.395981,209.50039672851562,1472.62939453125,2.9585520272680492,-1.8825845798353782,213.1770520740696,209.7200841119734,206.08552552320145
1730527943.5159833,209.4001007080078,1472.3369140625,3.154411474547188,-1.919107969973052,213.1770520740696,209.7200841119734,206.08552552320145
1730527943.6159885,209.28341674804688,1472.0252685546875,3.345968870615263,-1.9396638451629378,213.17919405289842,209.72361438989174,206.08774256668767
1730527943.7359998,209.08193969726562,1471.5322265625,3.6684575046986176,-1.9497359204056173,213.18133603172726,209.72714466781008,206.08995961017388
1730527943.8559885,208.90847778320312,1471.122802734375,3.9277144480305686,-1.9518318281835096,213.18426412628003,209.73067494572842,206.0921766536601
1730527943.9759812,208.72067260742188,1470.68310546875,4.155113342027448,-1.9525162605836601,213.18426412628003,209.73067494572842,206.0921766536601
1730527944.076003,208.5770263671875,1470.3475341796875,4.391030508024188,-1.9526890997384063,213.18822542072894,209.73423863931157,206.0943936971463
1730527944.176008,208.36953735351562,1469.863037109375,4.632092637241124,-1.952781511428232,213.19218671517785,209.73780233289472,206.09794676415527
1730527944.295988,208.15121459960938,1469.3494873046875,4.921235238195427,-1.9505500487508547,213.19614800962677,209.74136602647786,206.10149983116423
1730527944.4159842,207.9563751220703,1468.87744140625,5.169165510028741,-1.9378345198101623,213.20010930407568,209.744929720061,206.1050528981732
1730527944.515988,207.76214599609375,1468.380615234375,5.40231445249795,-1.9100273896042088,213.2009829779422,209.74849341364416,206.1087004303606
1730527944.6359868,207.48553466796875,1467.578125,5.7821849953124875,-1.836763295383911,213.20191437488018,209.754921572606,206.11244233304114
1730527944.735987,207.31927490234375,1467.005126953125,6.062098007003332,-1.7794494055643155,213.20193998700472,209.7581320212954,206.1143132843814
1730527944.8559868,207.1488800048828,1466.294189453125,6.405321872275658,-1.7227187480234476,213.20411282459133,209.7613424699848,206.11570205910834
1730527944.95599,207.0240936279297,1465.6505126953125,6.684008836819728,-1.6913025019082188,213.20845849976456,209.76753255608594,206.1184796085622
1730527945.07598,206.9009246826172,1464.857421875,6.956633398543762,-1.6719242765523663,213.21063133735117,209.77051219349767,206.12000620370964
1730527945.1959786,206.79434204101562,1464.0333251953125,7.271541310087525,-1.6628056129799351,213.2142791833868,209.77647146832112,206.12349250210298
1730527945.295986,206.72085571289062,1463.408935546875,7.4728767085552095,-1.6591799854719012,213.21585635323584,209.77945110573285,206.1254522053489
1730527945.4159808,206.62918090820312,1462.52783203125,7.750653789114113,-1.6460394160212322,213.21906552583835,209.78539720590732,206.12905140944326
1730527945.5359821,206.5159149169922,1461.329345703125,8.114553936417934,-1.6253823407099237,213.22200584393966,209.79134330608179,206.13233041114017
1730527945.6359923,206.44778442382812,1460.505126953125,8.328476588353057,-1.6192629291571397,213.22494616204096,209.79744452199918,206.13560941283708
1730527945.7559822,206.37425231933594,1459.521240234375,8.572399917799135,-1.6158700619283786,213.22855798634043,209.8037008536595,206.13831499339312
1730527945.8559902,206.33412170410156,1458.946044921875,8.68763263576205,-1.6142439357667762,213.23069965158925,209.80682901948967,206.13966778367114
1730527945.9759815,206.2578582763672,1457.6158447265625,8.93662205935016,-1.5930148134533186,213.23591188218643,209.81577596178806,206.14972680267238
1730527946.0759845,206.21484375,1456.7125244140625,9.114347629042184,-1.5792974033105385,213.23859492288466,209.81868535002218,206.15368486234843
1730527946.1759868,206.1819610595703,1455.787109375,9.285363134728755,-1.572186230567809,213.24336169182493,209.8245041264904,206.16103113656004
1730527946.2959807,206.1534423828125,1454.69384765625,9.482351958291241,-1.5682399584645295,213.2481284607652,209.83086470558078,206.1685340428878
1730527946.4159853,206.1330108642578,1453.736328125,9.640407050406417,-1.5666623018347665,213.2520903912275,209.83722528467115,206.17572150400918
1730527946.5359836,206.111328125,1452.260009765625,9.878436469655067,-1.5566259129506939,213.25658920065587,209.84637245107876,206.18576923195667
1730527946.6559827,206.09957885742188,1451.0977783203125,10.054843678549437,-1.5489086047438623,213.26075293225108,209.85507646522024,206.19623699792123
1730527946.7559893,206.095703125,1450.0811767578125,10.19884205846799,-1.545871003204518,213.26351381672475,209.86069001811597,206.20371908306504
1730527946.875984,206.09571838378906,1448.8812255859375,10.339268665287467,-1.5442603233772378,213.26737243753155,209.8663035710117,206.21107709801834
1730527946.9959779,206.0978240966797,1447.830322265625,10.459210090395763,-1.5436371436821594,213.27272748056146,209.87186125078688,206.21724555016863
1730527947.1159842,206.10153198242188,1446.61669921875,10.568685120186078,-1.5433127706613876,213.28092802231583,209.88011396076877,206.22352013581497
1730527947.2359855,206.10755920410156,1445.01513671875,10.67883923848665,-1.5431620357436893,213.28820947400413,209.88852510245238,206.23105837815524
1730527947.3359926,206.11190795898438,1443.94384765625,10.742464365066398,-1.5431343388683527,213.29272019874952,209.89413253024145,206.23823139326657
1730527947.455979,206.11705017089844,1442.6888427734375,10.805105524676877,-1.5431455241449308,213.29695857160573,209.90009438537663,206.2455356238146
1730527947.5759776,206.1213836669922,1441.6014404296875,10.86767431067356,-1.543187602090154,213.3057571414339,209.90887460105682,206.25654547816828
1730527947.6759868,206.126220703125,1440.308349609375,10.942033628822202,-1.5432573769107143,213.31256559207316,209.91451132214684,206.26388538107074
1730527947.79598,206.13052368164062,1439.060791015625,10.878024531121437,-1.5433026506492455,213.31805761224757,209.92300134661082,206.26892513625535
1730527947.9159784,206.13381958007812,1437.9854736328125,10.38580274541732,-1.5432941285337571,213.322081756265,209.92861191607074,206.2744947571466
1730527948.015981,206.13595581054688,1437.020263671875,9.59990556291307,-1.5433351412145444,213.32585088615212,209.9341613910716,206.28047965493852
1730527948.1160018,206.1372833251953,1436.1180419921875,8.805152885031568,-1.5436531226487,213.3309655169976,209.93966283633358,206.28687982963106
1730527948.2359831,206.13803100585938,1435.033935546875,7.695693945975337,-1.5447583345010827,213.33735342019736,209.9451162518567,206.29100372929406
1730527948.355982,206.1377410888672,1434.0938720703125,6.587547548970395,-1.5465165534527532,213.34406725008876,209.94751557563222,206.2945304740374
1730527948.475979,206.1365509033203,1433.387939453125,5.7985952330761386,-1.5482385534135985,213.3470224575998,209.94871523752,206.29629384640907
1730527948.5759845,206.1350860595703,1432.9510498046875,4.99659519932478,-1.5493416347371092,213.3503034661735,209.94978164353518,206.29792527819347
1730527948.6959796,206.13172912597656,1432.3756103515625,3.965902890914219,-1.5505581667230575,213.3535844747472,209.95084804955036,206.29955670997788
1730527948.7959874,206.12908935546875,1432.091552734375,3.214412455289472,-1.5508899965948815,213.35661209054388,209.95191445556554,206.30118814176228
1730527948.9159806,206.12527465820312,1431.82080078125,1.9841107180630135,-1.5508335375797717,213.35661209054388,209.95191445556554,206.30118814176228
1730527949.0159948,206.12339782714844,1431.65869140625,1.6024968754030318,-1.5506929226742157,213.35661209054388,209.95298086158073,206.30281957354669
1730527949.1359923,206.1216583251953,1431.42578125,1.5107947895231666,-1.5506199520603474,213.35963970634054,209.95298086158073,206.30281957354669
1730527949.2359927,206.1207275390625,1431.2706298828125,1.586826418315213,-1.5505938530816643,213.35963970634054,209.95298086158073,206.30281957354669
1730527949.3559878,206.12149047851562,1431.0762939453125,1.7142730193083173,-1.547482748296234,213.3622926098884,209.9539209286279,206.3044510053311
1730527949.455988,206.124267578125,1430.89892578125,1.8185169898116693,-1.5383912489669211,213.3622926098884,209.9539209286279,206.3044510053311
1730527949.575983,206.13108825683594,1430.678955078125,1.91933396349386,-1.5177911653029406,213.3622926098884,209.9539209286279,206.3044510053311
1730527949.675987,206.1419219970703,1430.47998046875,2.015159264874234,-1.4901592710967144,213.36494551343628,209.95486099567506,206.30712865938074
1730527949.7959802,206.1624755859375,1430.240234375,2.129269300356462,-1.4464072628122386,213.36494551343628,209.95486099567506,206.30712865938074
1730527949.9159822,206.18890380859375,1430.022216796875,2.2426691386663262,-1.4016618954411633,213.36759841698415,209.95580106272223,206.30980631343039
1730527950.035997,206.25079345703125,1429.6728515625,2.444429554712268,-1.326542643205516,213.36759841698415,209.9567411297694,206.30980631343039
1730527950.1559815,206.3212432861328,1429.3868408203125,2.6118873656904604,-1.2637048246528786,213.3703521183901,209.9567411297694,206.31248396748003
1730527950.275978,206.41317749023438,1429.0841064453125,2.7796974286214016,-1.2031024635192533,213.37310581979602,209.95768119681657,206.3154916681276
1730527950.3959801,206.52871704101562,1428.7652587890625,2.9982293573643526,-1.1522163793066733,213.37310581979602,209.95768119681657,206.3154916681276
1730527950.4959812,206.64796447753906,1428.47509765625,3.187123918750287,-1.118893309850948,213.37591461373802,209.95862126386373,206.317969775287
1730527950.5959842,206.78305053710938,1428.171875,3.3791812297857544,-1.097412319077396,213.37591461373802,209.9595957586689,206.317969775287
1730527950.7159774,206.9328155517578,1427.853515625,3.574312399737482,-1.0876678126487962,213.37900399517957,209.9595957586689,206.3204478824464
1730527950.8159778,207.09628295898438,1427.519287109375,3.7787862707698077,-1.0839383218582492,213.38209337662113,209.9605702534741,206.32292598960578
1730527950.9159787,207.271240234375,1427.1669921875,3.993380878897416,-1.082521520158327,213.38209337662113,209.96154474827927,206.32529038839118
1730527951.0359762,207.55218505859375,1426.5975341796875,4.335614552759286,-1.0871133425098416,213.38751401122624,209.96251924308444,206.32765478717658
1730527951.1359773,207.74542236328125,1426.1923828125,4.557052512356031,-1.1029303888560402,213.38751401122624,209.96251924308444,206.32765478717658
1730527951.235981,207.93846130371094,1425.7647705078125,4.77623335264678,-1.133251476552001,213.3902243285288,209.96347103453502,206.330019185962
1730527951.3359904,208.12464904785156,1425.3116455078125,4.987071987754848,-1.179967050497517,213.39293464583136,209.9644228259856,206.3323974765865
1730527951.4359994,208.27081298828125,1424.913330078125,5.176827284214058,-1.228194234677762,213.39420216116457,209.96537461743617,206.334775767211
1730527951.5559866,208.48648071289062,1424.227294921875,5.5523112550742395,-1.305632034958432,213.39546967649778,209.96632640888674,206.3371540578355
1730527951.6759925,208.6236572265625,1423.670654296875,5.819310348019999,-1.3590491874710233,213.3967736817798,209.9682551409619,206.34242571051618
1730527951.7959795,208.76071166992188,1422.885498046875,6.1453019608602855,-1.4340880122417499,213.39753350494198,209.96923208158648,206.34506153685652
1730527951.8959801,208.83609008789062,1422.2535400390625,6.429899359992821,-1.4829021571262486,213.39829332810416,209.97020902221107,206.34772662238038
1730527952.0159843,208.88790893554688,1421.593017578125,6.706740710984733,-1.5156888659384318,213.39981297442853,209.97213496038864,206.3530567934281
1730527952.1359775,208.9273681640625,1420.5380859375,7.128855213058281,-1.5384503711431212,213.405426764985,209.97403295549464,206.35788255549255
1730527952.2359781,208.9437713623047,1419.8128662109375,7.36356461819002,-1.5339011593690477,213.40830618936957,209.97498195304763,206.36023359940975
1730527952.3359842,208.96420288085938,1419.06201171875,7.595189453519262,-1.5121511227463706,213.41442643331106,209.97687994815362,206.36493568724416
1730527952.4359877,208.99179077148438,1418.28515625,7.828202044715512,-1.4896229104531724,213.41573169942137,209.97798463071467,206.36728412973866
1730527952.5359986,209.0319366455078,1417.4888916015625,8.051319564604256,-1.4769920700351444,213.42054458422126,209.97996969495432,206.37146846070118
1730527952.6559887,209.0890655517578,1416.53369140625,8.298724825544104,-1.478825922761773,213.42651006246683,209.98173045831152,206.3751402376372
1730527952.7759774,209.1534881591797,1415.554443359375,8.502110288366984,-1.4872644149917982,213.43299308043424,209.98349122166871,206.37905874136118
1730527952.8759797,209.20745849609375,1414.6903076171875,8.695751449493084,-1.4908964340864483,213.43650847899914,209.98433845831687,206.38101799322317
1730527952.995974,209.26644897460938,1413.6676025390625,8.916413701622634,-1.4929758302655822,213.44228346035754,209.98688016826134,206.38602185435968
1730527953.0959795,209.30860900878906,1412.898193359375,9.057410417183545,-1.4938062038934687,213.44420845414368,209.9877274049095,206.38768980807185
1730527953.2159803,209.3644561767578,1411.84521484375,9.260950692129024,-1.4944709289015528,213.44805844171594,209.98952298501945,206.3910257154962
1730527953.3359845,209.43057250976562,1410.4266357421875,9.513995652334133,-1.5047438064904242,213.45345918250996,209.99202525046098,206.3960295766327
1730527953.4359853,209.4715576171875,1409.4622802734375,9.668329788569338,-1.5118374023699592,213.45855096290165,209.99343862112414,206.39968104130003
1730527953.5359862,209.50704956054688,1408.48779296875,9.818051568570787,-1.5153405244678497,213.46387662522636,209.9948519917873,206.4036480632103
1730527953.6359868,209.539306640625,1407.493896484375,9.964110004238712,-1.5170486759910264,213.46724221807835,209.99681798523443,206.40914646646888
1730527953.7359874,209.5699462890625,1406.490478515625,10.106991774498416,-1.5178641359168088,213.4687347281215,209.99878397868156,206.414866982553
1730527953.8359947,209.60012817382812,1405.472412109375,10.247505235980022,-1.5182588163903583,213.47131889136915,210.00060851129388,206.4208096114627
1730527953.9559793,209.63519287109375,1404.26904296875,10.40481395922638,-1.518479858760835,213.4769193822068,210.00229158307138,206.4270841351182
1730527954.0759768,209.6653289794922,1403.2220458984375,10.507699407048316,-1.5185927767910543,213.48238831932224,210.00394236542263,206.43371327989496
1730527954.1959884,209.7049560546875,1401.82470703125,10.474326078775226,-1.5186566926572163,213.490810229188,210.00637010481012,206.4435712432171
1730527954.3159802,209.7318878173828,1400.84033203125,9.692489463687442,-1.5183541575573833,213.49650989733675,210.0080667780486,206.45011463415085
1730527954.4159882,209.75564575195312,1399.928955078125,8.904470140539955,-1.5177219231145984,213.50473890568503,210.0100055054761,206.45608630092568
1730527954.5359943,209.78579711914062,1398.703125,7.635037216207533,-1.516740814569013,213.5135932833099,210.01210810677912,206.46148624354157
1730527954.6559858,209.804931640625,1397.8792724609375,6.684876411069313,-1.5164462689524505,213.52217806053488,210.01416850273176,206.46586588498838
1730527954.775986,209.82077026367188,1397.1640625,5.8939787200560305,-1.5167519998455914,213.53084884732039,210.0162288986844,206.46983987246563
1730527954.895987,209.8318634033203,1396.6353759765625,5.096647162435484,-1.5174305732913438,213.53514438971695,210.01725909666072,206.47162403921948
1730527955.0159876,209.84169006347656,1396.1285400390625,4.074579083475479,-1.5184345850223038,213.5394399321135,210.01824568123754,206.47340820597333
1730527955.135998,209.8487548828125,1395.696044921875,2.7345423105080635,-1.5192974492154891,213.5394399321135,210.01824568123754,206.47340820597333
1730527955.2559834,209.8511962890625,1395.447265625,1.2504829744267398,-1.5193107650209396,213.54014349042916,210.01923226581437,206.4746978761708
1730527955.3759892,209.85142517089844,1395.3707275390625,0.6800340487141121,-1.5189299329850583,213.54014349042916,210.01923226581437,206.4746978761708
1730527955.4959786,209.85296630859375,1395.2802734375,0.7111239339635372,-1.5192681544434985,213.54014349042916,210.01923226581437,206.4746978761708
1730527955.5959806,209.85374450683594,1395.2008056640625,0.7889335334310911,-1.5220612777947735,213.54014349042916,210.01923226581437,206.4746978761708
1730527955.6959822,209.85400390625,1395.119140625,0.8655157494394172,-1.5279388743205784,213.5408470487448,210.0202188503912,206.4759875463683
1730527955.8159797,209.85350036621094,1395.0274658203125,0.9400664312304193,-1.5381494339399422,213.5408470487448,210.0202188503912,206.4759875463683
1730527955.9159818,209.85171508789062,1394.928955078125,1.0117971744591827,-1.5532745910349384,213.5408470487448,210.0202188503912,206.4759875463683
1730527956.0359867,209.8460235595703,1394.76513671875,1.1349431665284426,-1.5850029596299242,213.5408470487448,210.0202188503912,206.4759875463683
1730527956.1559873,209.83804321289062,1394.6279296875,1.237929107581067,-1.6136378003026743,213.54190672738412,210.021205434968,206.47731282138852
1730527956.2759783,209.824951171875,1394.4776611328125,1.3281569978689896,-1.6456234302589619,213.54190672738412,210.021205434968,206.47731282138852
1730527956.3959806,209.80581665039062,1394.3173828125,1.4412704159300276,-1.6800527768315061,213.54190672738412,210.021205434968,206.47731282138852
1730527956.4959855,209.78366088867188,1394.1685791015625,1.544129632074345,-1.7114897956032378,213.54283660120007,210.02219201954483,206.47863809640876
1730527956.615985,209.75619506835938,1394.00830078125,1.661267287669819,-1.741217064955138,213.54283660120007,210.02219201954483,206.47863809640876
1730527956.7159863,209.72274780273438,1393.8369140625,1.7850330972098705,-1.7666140343745698,213.54283660120007,210.02219201954483,206.47863809640876
1730527956.8359876,209.6603546142578,1393.555419921875,1.989473102665279,-1.7937487164052783,213.543766475016,210.02339069492325,206.479963371429
1730527956.9559906,209.60263061523438,1393.3194580078125,2.145867967627448,-1.8045097514219612,213.543766475016,210.02339069492325,206.479963371429
1730527957.0759833,209.53321838378906,1393.0660400390625,2.2773489914309613,-1.8165887848621247,213.54439638368967,210.02458937030167,206.4813827294472
1730527957.1959805,209.45639038085938,1392.8035888671875,2.4394926353148554,-1.8363323959195361,213.54439638368967,210.02458937030167,206.4813827294472
1730527957.3159785,209.38357543945312,1392.558837890625,2.5936775708130906,-1.8525103005934405,213.54499356410406,210.0257880456801,206.48280208746542
1730527957.4159799,209.30404663085938,1392.2996826171875,2.7540302115429656,-1.8617405506155462,213.54499356410406,210.0257880456801,206.48280208746542
1730527957.5359952,209.1683349609375,1391.880126953125,3.0258229689133134,-1.8662567391921026,213.54559074451845,210.0269867210585,206.48422144548363
1730527957.6559827,209.05287170410156,1391.531494140625,3.2448681919914084,-1.8672064224368248,213.54618792493284,210.02818539643692,206.48564080350184
1730527957.7759762,208.92832946777344,1391.1572265625,3.4379556334240613,-1.8675369207281034,213.54678510534723,210.0291902999902,206.48706016152005
1730527957.8759775,208.81483459472656,1390.816162109375,3.641146386398187,-1.867651702971086,213.54678510534723,210.0291902999902,206.48706016152005
1730527957.9959795,208.67514038085938,1390.396240234375,3.8987422847077995,-1.867716151469466,213.55040296546838,210.03019520354349,206.48868372391212
1730527958.1159787,208.54669189453125,1390.010009765625,4.124967079751038,-1.8677526367764001,213.55397270515437,210.03120010709677,206.4903072863042
1730527958.215983,208.41140747070312,1389.60302734375,4.360147805633448,-1.867781665232282,213.55754244484035,210.03220501065005,206.49193084869626
1730527958.3359845,208.1925048828125,1388.9439697265625,4.742948702430702,-1.8675656828678766,213.56109735054918,210.03320991420333,206.4937669171876
1730527958.4359896,208.04225158691406,1388.4796142578125,4.9850489200860855,-1.8609796854921106,213.56292294707862,210.03433901143603,206.49601177486693
1730527958.5559916,207.86474609375,1387.9033203125,5.2779460663963915,-1.8370799452375215,213.56474854360806,210.03546810866874,206.49825663254626
1730527958.6559973,207.71290588378906,1387.3826904296875,5.539157241140868,-1.8094120983565791,213.56562460046894,210.03659720590144,206.5005014902256
1730527958.7759755,207.54295349121094,1386.736328125,5.811663230205656,-1.7761577384569778,213.5665006573298,210.03772630313415,206.50254503501412
1730527958.8759923,207.40518188476562,1386.139892578125,6.093346529071873,-1.7449007493749358,213.5696456986534,210.0395410554538,206.5066321245912
1730527958.9959807,207.2650146484375,1385.4307861328125,6.421568336381808,-1.7119643709094898,213.57198019526777,210.04062389998376,206.50953215310415
1730527959.1159813,207.15699768066406,1384.7760009765625,6.696723006751816,-1.6817774399534418,213.57431469188214,210.0417067445137,206.5124321816171
1730527959.2159832,207.0590362548828,1384.094482421875,6.965630405471188,-1.6615155777479007,213.5795427029443,210.0438724335736,206.51838402558485
1730527959.3359878,206.93080139160156,1383.011474609375,7.377028888228841,-1.6473837797395043,213.58553617548137,210.04608988805614,206.52435912339809
1730527959.4559793,206.84107971191406,1382.13623046875,7.667246226103623,-1.6427232478318656,213.59091825685755,210.04835910796135,206.5303574750568
1730527959.5759776,206.76144409179688,1381.2252197265625,7.884538678699299,-1.6284758686321599,213.59360929754564,210.04949371791395,206.53345728568604
1730527959.6959798,206.69808959960938,1380.296630859375,8.133697262076426,-1.5959421601235337,213.62802703058117,210.05164109413727,206.53965690694451
1730527959.8159845,206.6554718017578,1379.4688720703125,8.34412798087401,-1.5703896620964417,213.69738905782492,210.0536666266787,206.544371716849
1730527959.9159887,206.62826538085938,1378.6181640625,8.544686294668121,-1.5562141882461678,213.76727764624138,210.05569215922014,206.5483048746778
1730527960.0359921,206.61334228515625,1377.452392578125,8.809859069528395,-1.5473842113359009,213.84016086554755,210.0579044285455,206.55145638043086
1730527960.155989,206.6115264892578,1376.2550048828125,9.060181247393473,-1.543791074393166,213.92735537733734,210.06011669787085,206.5547458463309
1730527960.2759807,206.61361694335938,1375.49169921875,9.19681773787003,-1.542742321555893,213.95013764772375,210.06215322556886,206.55837110067944
1730527960.3959818,206.62005615234375,1374.098876953125,9.426081192035808,-1.5418975668581196,213.97044437163436,210.06520801711588,206.5648656495688
1730527960.51598,206.6251220703125,1373.145751953125,9.582822041927074,-1.5417186024328664,213.97752524698512,210.06742354623805,206.56944212538758
1730527960.6159813,206.63014221191406,1372.177490234375,9.734730368259438,-1.5416946339830557,213.9810656846605,210.06853131079913,206.57176158746097
1730527960.7159889,206.63494873046875,1371.1922607421875,9.882798655617187,-1.5417441687793312,213.9846061223359,210.0707468399213,206.5762795053348
1730527960.8160212,206.63949584960938,1370.1937255859375,10.003307645305345,-1.5418080846454931,214.04337387905446,210.07850653563366,206.58024212353882
1730527960.935983,206.6455841064453,1368.7255859375,9.328399903727762,-1.541947101654395,214.0518485353449,210.0901460792022,206.58495358194807
1730527961.0559945,206.64883422851562,1367.69677734375,8.383081882229707,-1.5427252773249163,214.05444368790506,210.0981655298076,206.59067108391207
1730527961.1759782,206.65101623535156,1366.7872314453125,7.592935563383767,-1.5444824310121508,214.05913530159273,210.10640456080068,206.59675836980364
1730527961.2959807,206.65231323242188,1365.98681640625,6.644706990003826,-1.5470577077862573,214.0659233764079,210.11486317218146,206.60321543962277
1730527961.395985,206.65261840820312,1365.378662109375,5.855993423978528,-1.5495818518674342,214.0693174138155,210.11909247787185,206.6056996350079
1730527961.515992,206.65196228027344,1364.8514404296875,5.057111925401763,-1.55192117256896,214.07271145122309,210.1231439359359,206.60818383039305
1730527961.6359844,206.6489715576172,1364.2138671875,3.665511057868339,-1.5542727438114998,214.07610548863067,210.12719539399995,206.61066802577818
1730527961.7360163,206.6458740234375,1363.9095458984375,2.6875632305464565,-1.554775015993089,214.07949952603826,210.131246852064,206.61315222116332
1730527961.855988,206.64212036132812,1363.6773681640625,1.6902645092616755,-1.5545577020481385,214.07949952603826,210.131246852064,206.61315222116332
1730527961.9559886,206.63992309570312,1363.5118408203125,1.6326957637701114,-1.5544378597990847,214.08289356344585,210.13529831012806,206.61563641654845
1730527962.0759785,206.63848876953125,1363.3199462890625,1.67770554186089,-1.5531648687980268,214.08289356344585,210.13529831012806,206.61563641654845
1730527962.1959784,206.63970947265625,1363.114990234375,1.8051832624373352,-1.5452094739897424,214.08638797391575,210.13956002523082,206.61829888436284
1730527962.315991,206.64356994628906,1362.92724609375,1.908191754594684,-1.5303756667180008,214.08638797391575,210.13956002523082,206.61829888436284
1730527962.4359844,206.65780639648438,1362.626220703125,2.06286514918521,-1.49088524880987,214.08988238438565,210.14382174033358,206.62096135217723
1730527962.555991,206.67913818359375,1362.3792724609375,2.180733374181788,-1.4452471898413999,214.08988238438565,210.14382174033358,206.62096135217723
1730527962.6559923,206.7064666748047,1362.15771484375,2.2976064323727865,-1.3994797012439524,214.09337679485554,210.14382174033358,206.62362381999162
1730527962.7759755,206.75311279296875,1361.8856201171875,2.424218678980628,-1.3411090691038134,214.09337679485554,210.14808345543634,206.62362381999162
1730527962.875976,206.80859375,1361.6400146484375,2.5597152411383095,-1.2875992385852875,214.09655114360726,210.1523451705391,206.6261082754745
1730527962.9759798,206.87890625,1361.383056640625,2.7216922293917887,-1.23565481415551,214.09655114360726,210.1523451705391,206.6261082754745
1730527963.095975,206.98165893554688,1361.0677490234375,2.935861820605255,-1.1834552588933027,214.09972549235897,210.15660080090595,206.6285927309574
1730527963.1959786,207.0894317626953,1360.7801513671875,3.1219237506192408,-1.148334555701774,214.09972549235897,210.15660080090595,206.6285927309574
1730527963.3159893,207.2132568359375,1360.478515625,3.311637476898624,-1.1245610492828546,214.10289984111068,210.1608564312728,206.63157721482992
1730527963.4359837,207.4268798828125,1359.995361328125,3.6234158078869387,-1.1100910963950452,214.10643204758696,210.1648611250355,206.63447207039997
1730527963.5559862,207.6106414794922,1359.595458984375,3.870764197324093,-1.1090865520318673,214.10996425406324,210.16961142300556,206.63736692597
1730527963.675975,207.80276489257812,1359.1702880859375,4.060962678914128,-1.121482435062723,214.11283072317894,210.16961142300556,206.63978945634904
1730527963.795978,207.995849609375,1358.719970703125,4.306589548291399,-1.1511058411321105,214.11395876301685,210.17495875648456,206.6399587506312
1730527963.8959837,208.1590576171875,1358.3056640625,4.5219950594558505,-1.1913760326074165,214.11694279400695,210.1804832812703,206.6416594214461
1730527963.9959843,208.31781005859375,1357.86328125,4.777094102106943,-1.2351722493659876,214.11992682499704,210.18560261929008,206.64297178010247
1730527964.115986,208.47039794921875,1357.3912353515625,5.030930592657151,-1.2721561000561359,214.12291085598713,210.19072195730985,206.64428413875885
1730527964.235981,208.6796417236328,1356.6568603515625,5.017734256210805,-1.3027297220024638,214.12494542356944,210.19584129532961,206.64559649741523
1730527964.3359845,208.80215454101562,1356.175048828125,4.9562474128371035,-1.3093743089222114,214.12697999115176,210.20096063334938,206.6469088560716
1730527964.4559782,208.93670654296875,1355.6165771484375,4.881167484879458,-1.3134526738155587,214.12901455873407,210.20593751953845,206.64995151163043
1730527964.5559785,209.04403686523438,1355.146240234375,4.827813937692428,-1.3235769470156038,214.13104912631638,210.21091440572752,206.64995151163043
1730527964.6559901,209.1519012451172,1354.6715087890625,4.755115496377095,-1.3338860435953006,214.1330836938987,210.2158912919166,206.65147283940985
1730527964.7759733,209.26834106445312,1354.1417236328125,4.69388977669067,-1.3382238003788216,214.1351440906759,210.22086817810566,206.65299416718926